id,user_id,ranked_id,snapshot_type,timestamp,level,honor,wins_current,soloq_tier,soloq_division,flex_tier,flex_division,created_at,updated_at,mastery_data,missions_current
13,d6bd7eee-de31-4878-932e-12f3378e39c9,1,BASELINE,2025-10-12 00:31:46.530867+00,55,3,0,PLATINUM,3,GOLD,4,2025-10-12 00:31:46.655928+00,2025-10-12 00:31:46.655928+00,"{""1"":3,""7"":3,""8"":1,""11"":1,""13"":1,""15"":1,""16"":2,""18"":3,""21"":3,""22"":1,""24"":1,""25"":1,""26"":1,""29"":4,""31"":1,""32"":1,""34"":1,""36"":2,""37"":1,""40"":2,""41"":1,""45"":2,""51"":3,""53"":1,""54"":1,""55"":1,""57"":1,""58"":2,""59"":1,""60"":2,""62"":1,""63"":2,""64"":1,""67"":1,""68"":1,""74"":1,""76"":2,""78"":1,""81"":4,""82"":2,""83"":1,""84"":1,""86"":2,""89"":1,""90"":1,""92"":2,""96"":2,""99"":2,""103"":1,""104"":1,""107"":3,""110"":2,""114"":1,""117"":1,""121"":1,""122"":2,""131"":1,""145"":1,""147"":1,""154"":1,""157"":1,""161"":1,""201"":1,""234"":1,""235"":3,""236"":1,""238"":1,""245"":2,""254"":1,""268"":2,""350"":4,""412"":5,""432"":1,""497"":1,""498"":1,""517"":2,""518"":1,""555"":2,""711"":1,""887"":1,""902"":6}",0
14,d6bd7eee-de31-4878-932e-12f3378e39c9,1,CURRENT,2026-02-18 18:42:54.407422+00,55,5,0,unranked,3,unranked,4,2025-10-12 00:31:48.299018+00,2026-02-18 18:42:54.767079+00,"{""1"":3,""7"":3,""8"":1,""11"":1,""13"":1,""15"":1,""16"":2,""18"":3,""21"":3,""22"":1,""24"":1,""25"":1,""26"":1,""29"":4,""31"":1,""32"":1,""34"":1,""36"":2,""37"":1,""40"":2,""41"":1,""45"":2,""51"":3,""53"":1,""54"":1,""55"":1,""57"":1,""58"":2,""59"":1,""60"":2,""62"":1,""63"":2,""64"":1,""67"":1,""68"":1,""74"":1,""76"":2,""78"":1,""81"":4,""82"":2,""83"":1,""84"":1,""86"":2,""89"":1,""90"":1,""92"":2,""96"":2,""99"":2,""103"":1,""104"":1,""107"":3,""110"":2,""114"":1,""117"":1,""121"":1,""122"":2,""131"":1,""145"":1,""147"":1,""154"":1,""157"":1,""161"":1,""201"":1,""234"":1,""235"":3,""236"":1,""238"":1,""245"":2,""254"":1,""268"":2,""350"":4,""412"":5,""432"":1,""497"":1,""498"":1,""517"":2,""518"":1,""555"":2,""711"":1,""887"":1,""902"":6}",0
15,d6bd7eee-de31-4878-932e-12f3378e39c9,8,BASELINE,2025-10-12 00:41:38.187631+00,78,3,0,PLATINUM,3,EMERALD,4,2025-10-12 00:41:38.292705+00,2025-10-12 00:47:10.553367+00,"{""2"":2,""5"":1,""7"":1,""10"":1,""11"":2,""12"":1,""13"":1,""14"":2,""16"":1,""18"":4,""19"":3,""23"":2,""24"":3,""25"":2,""28"":1,""29"":1,""35"":2,""36"":1,""37"":1,""39"":2,""40"":1,""41"":2,""45"":1,""48"":2,""50"":1,""51"":1,""53"":1,""54"":2,""55"":3,""56"":2,""58"":1,""59"":2,""63"":3,""64"":2,""67"":7,""72"":1,""74"":4,""75"":2,""76"":2,""77"":2,""80"":1,""81"":1,""82"":2,""83"":2,""86"":1,""89"":2,""91"":2,""92"":1,""104"":1,""106"":1,""107"":6,""113"":1,""114"":1,""117"":3,""119"":1,""121"":1,""122"":7,""141"":1,""157"":6,""200"":1,""202"":1,""222"":1,""234"":1,""235"":1,""238"":4,""254"":1,""267"":2,""350"":6,""412"":1,""429"":1,""432"":3,""497"":6,""516"":1,""517"":1,""518"":1,""555"":2,""902"":2}",0
16,d6bd7eee-de31-4878-932e-12f3378e39c9,8,CURRENT,2026-02-18 18:42:56.695779+00,78,5,0,unranked,3,unranked,4,2025-10-12 00:41:40.03314+00,2026-02-18 18:42:57.033702+00,"{""2"":2,""7"":1,""10"":1,""11"":2,""12"":1,""13"":1,""14"":2,""16"":1,""18"":4,""19"":3,""23"":2,""24"":3,""25"":2,""28"":1,""29"":1,""35"":2,""36"":1,""37"":1,""39"":2,""40"":1,""41"":2,""45"":1,""48"":2,""50"":1,""51"":1,""53"":1,""54"":2,""55"":3,""56"":2,""58"":1,""59"":2,""63"":3,""64"":2,""67"":7,""72"":1,""74"":4,""75"":2,""76"":2,""77"":2,""80"":1,""81"":1,""82"":2,""83"":2,""86"":1,""89"":2,""91"":2,""92"":1,""104"":1,""106"":1,""107"":6,""113"":1,""114"":1,""117"":3,""119"":1,""121"":1,""122"":7,""141"":1,""157"":6,""200"":1,""202"":1,""222"":1,""234"":1,""235"":1,""238"":4,""254"":1,""267"":2,""350"":6,""412"":1,""429"":1,""432"":3,""497"":6,""516"":1,""517"":1,""518"":1,""555"":2,""902"":2}",0
17,d6bd7eee-de31-4878-932e-12f3378e39c9,42,BASELINE,2025-10-12 00:47:02.521841+00,37,3,0,SILVER,1,GOLD,1,2025-10-12 00:47:02.623869+00,2025-10-12 00:47:27.542309+00,"{""1"":1,""3"":1,""7"":1,""8"":1,""9"":1,""12"":1,""16"":3,""18"":1,""19"":2,""22"":2,""24"":1,""26"":1,""32"":2,""34"":1,""40"":1,""43"":1,""51"":2,""53"":2,""54"":3,""56"":1,""57"":2,""74"":3,""78"":1,""80"":1,""81"":1,""82"":1,""89"":2,""90"":1,""96"":1,""98"":4,""99"":3,""103"":2,""105"":1,""110"":1,""111"":2,""133"":1,""147"":1,""161"":1,""201"":2,""202"":2,""245"":1,""432"":7,""526"":1,""800"":4,""901"":1,""902"":4,""950"":1}",0
18,d6bd7eee-de31-4878-932e-12f3378e39c9,42,CURRENT,2026-02-18 18:42:35.553428+00,37,5,0,unranked,1,unranked,1,2025-10-12 00:47:04.0188+00,2026-02-18 18:42:35.86657+00,"{""1"":1,""3"":1,""7"":1,""8"":1,""9"":1,""12"":1,""16"":3,""18"":1,""19"":2,""22"":2,""24"":1,""26"":1,""32"":2,""34"":1,""40"":1,""43"":1,""51"":2,""53"":2,""54"":3,""56"":1,""57"":2,""74"":3,""78"":1,""80"":1,""81"":1,""82"":1,""89"":2,""90"":1,""96"":1,""98"":4,""99"":3,""103"":2,""105"":1,""110"":1,""111"":2,""133"":1,""147"":1,""161"":1,""201"":2,""202"":2,""245"":1,""432"":7,""526"":1,""800"":4,""901"":1,""902"":4,""950"":1}",0
19,d6bd7eee-de31-4878-932e-12f3378e39c9,46,BASELINE,2025-10-12 00:47:33.947939+00,0,3,0,UNRANKED,0,UNRANKED,0,2025-10-12 00:47:34.041992+00,2025-10-16 03:54:41.248382+00,"{""63"":1,""81"":2,""112"":1,""202"":1,""245"":2,""432"":4}",0
20,d6bd7eee-de31-4878-932e-12f3378e39c9,46,CURRENT,2026-02-18 18:42:49.819388+00,30,5,0,unranked,1,UNRANKED,0,2025-10-12 00:47:35.352093+00,2026-02-18 18:42:50.107224+00,"{""5"":1,""8"":1,""12"":1,""16"":1,""32"":1,""51"":1,""57"":2,""63"":1,""64"":1,""74"":4,""81"":3,""89"":1,""99"":3,""112"":2,""117"":1,""141"":4,""143"":3,""147"":1,""202"":1,""233"":1,""234"":1,""235"":2,""245"":3,""412"":2,""432"":5,""497"":2,""518"":2,""526"":1,""902"":1,""913"":2,""950"":1}",0
21,d6bd7eee-de31-4878-932e-12f3378e39c9,10,BASELINE,2025-10-12 00:48:09.274776+00,71,3,0,GOLD,3,EMERALD,4,2025-10-12 00:48:09.373068+00,2025-10-12 00:48:09.373068+00,"{""4"":2,""11"":1,""13"":1,""15"":1,""17"":2,""18"":1,""19"":1,""21"":6,""22"":1,""25"":1,""28"":2,""29"":5,""31"":4,""32"":1,""33"":2,""34"":2,""35"":3,""36"":2,""37"":1,""44"":2,""45"":1,""50"":1,""51"":1,""53"":2,""55"":1,""57"":1,""62"":3,""63"":1,""67"":1,""76"":1,""78"":1,""79"":2,""81"":2,""82"":2,""85"":3,""92"":1,""96"":2,""98"":1,""99"":1,""101"":1,""103"":3,""105"":2,""107"":6,""110"":2,""111"":1,""117"":5,""121"":3,""122"":1,""126"":2,""127"":1,""131"":1,""141"":4,""157"":2,""161"":2,""164"":1,""222"":2,""238"":1,""254"":1,""266"":2,""350"":8,""360"":2,""412"":2,""497"":6,""498"":2,""518"":1,""555"":1,""777"":1,""875"":4}",0
22,d6bd7eee-de31-4878-932e-12f3378e39c9,10,CURRENT,2026-02-18 18:42:18.077007+00,73,4,0,unranked,4,unranked,4,2025-10-12 00:48:10.743537+00,2026-02-18 18:42:18.594038+00,"{""4"":2,""11"":1,""13"":1,""15"":1,""17"":2,""18"":1,""19"":1,""21"":6,""22"":1,""25"":1,""28"":2,""29"":5,""31"":4,""32"":1,""33"":2,""34"":2,""35"":3,""36"":2,""37"":1,""44"":2,""45"":1,""50"":1,""51"":1,""53"":2,""55"":1,""57"":1,""62"":3,""63"":1,""67"":1,""74"":1,""76"":1,""78"":1,""79"":2,""81"":3,""82"":2,""85"":3,""92"":1,""96"":2,""98"":1,""99"":1,""101"":1,""103"":3,""105"":2,""107"":6,""110"":2,""111"":2,""117"":5,""121"":3,""122"":1,""126"":2,""127"":1,""131"":1,""141"":4,""157"":2,""161"":2,""164"":1,""222"":2,""238"":1,""254"":1,""266"":2,""350"":8,""360"":2,""412"":2,""432"":2,""497"":6,""498"":2,""518"":1,""555"":1,""777"":1,""875"":4,""902"":2}",0
23,d6bd7eee-de31-4878-932e-12f3378e39c9,15,BASELINE,2025-10-12 00:48:25.614115+00,113,3,0,GOLD,4,GOLD,1,2025-10-12 00:48:25.713739+00,2025-10-12 00:49:41.002022+00,"{""1"":1,""2"":1,""4"":4,""7"":1,""10"":1,""11"":1,""13"":1,""14"":2,""16"":2,""17"":2,""18"":1,""21"":5,""22"":3,""23"":1,""25"":3,""26"":1,""29"":12,""30"":1,""32"":5,""34"":2,""36"":1,""37"":1,""39"":1,""43"":1,""44"":1,""45"":2,""51"":2,""53"":2,""55"":1,""57"":1,""60"":2,""61"":1,""63"":3,""67"":6,""74"":2,""75"":2,""76"":1,""78"":4,""79"":1,""81"":1,""86"":1,""89"":6,""92"":1,""96"":2,""99"":5,""102"":1,""103"":2,""105"":1,""106"":1,""107"":4,""117"":1,""119"":1,""122"":1,""126"":1,""127"":1,""131"":1,""161"":1,""201"":1,""222"":2,""234"":2,""236"":2,""245"":1,""254"":3,""266"":1,""267"":4,""350"":18,""360"":4,""421"":1,""429"":1,""498"":4,""555"":1,""777"":2,""800"":1,""888"":2,""897"":1,""902"":4}",0
24,d6bd7eee-de31-4878-932e-12f3378e39c9,15,CURRENT,2026-02-18 18:41:43.05821+00,113,5,0,unranked,4,unranked,1,2025-10-12 00:48:27.126408+00,2026-02-18 18:41:43.443961+00,"{""1"":1,""2"":1,""4"":4,""7"":1,""10"":1,""11"":1,""13"":1,""14"":2,""16"":2,""17"":2,""18"":1,""21"":5,""22"":3,""23"":1,""25"":3,""26"":1,""29"":12,""30"":1,""32"":5,""34"":2,""36"":1,""37"":1,""39"":1,""43"":1,""44"":1,""45"":2,""51"":2,""53"":2,""55"":1,""57"":1,""60"":2,""61"":1,""63"":3,""67"":6,""74"":2,""75"":2,""76"":1,""78"":4,""79"":1,""81"":1,""86"":1,""89"":6,""92"":1,""96"":2,""99"":5,""102"":1,""103"":2,""105"":1,""106"":1,""107"":4,""117"":1,""119"":1,""122"":1,""126"":1,""127"":1,""131"":1,""161"":1,""201"":1,""222"":2,""234"":2,""236"":2,""245"":1,""254"":3,""266"":1,""267"":4,""350"":18,""360"":4,""421"":1,""429"":1,""498"":4,""555"":1,""777"":2,""800"":1,""888"":2,""897"":1,""902"":4}",0
25,d7895f20-abd6-4552-a559-63ba2626b88f,23,BASELINE,2025-10-12 00:56:56.416579+00,44,3,0,GOLD,1,DIAMOND,4,2025-10-12 00:56:56.510855+00,2025-10-12 01:12:55.618428+00,"{""1"":1,""4"":1,""8"":2,""11"":1,""13"":1,""15"":2,""17"":1,""18"":1,""20"":1,""21"":1,""22"":2,""23"":1,""24"":1,""25"":1,""29"":1,""30"":1,""32"":2,""40"":1,""42"":2,""43"":2,""45"":1,""48"":4,""50"":1,""51"":1,""54"":1,""55"":2,""57"":1,""61"":1,""63"":1,""64"":2,""68"":1,""74"":1,""76"":1,""80"":1,""82"":1,""86"":1,""89"":1,""92"":2,""96"":3,""99"":1,""103"":1,""104"":1,""105"":2,""110"":1,""112"":1,""114"":1,""119"":1,""121"":1,""127"":1,""131"":1,""133"":1,""142"":2,""145"":2,""150"":1,""161"":2,""163"":1,""202"":1,""222"":1,""236"":2,""238"":1,""245"":1,""254"":2,""266"":1,""350"":10,""412"":2,""498"":1,""523"":1}",0
26,d7895f20-abd6-4552-a559-63ba2626b88f,23,CURRENT,2026-02-18 18:43:01.497399+00,44,5,0,unranked,1,unranked,4,2025-10-12 00:56:58.211163+00,2026-02-18 18:43:01.951883+00,"{""1"":1,""4"":1,""8"":2,""11"":1,""13"":1,""15"":2,""17"":1,""18"":1,""20"":1,""21"":1,""22"":2,""23"":1,""24"":1,""25"":1,""29"":1,""30"":1,""32"":2,""40"":1,""42"":2,""43"":2,""45"":1,""48"":4,""50"":1,""51"":1,""54"":1,""55"":2,""57"":1,""61"":1,""63"":1,""64"":2,""68"":1,""74"":1,""76"":1,""80"":1,""82"":1,""86"":1,""89"":1,""92"":2,""96"":3,""99"":1,""103"":1,""104"":1,""105"":2,""110"":1,""112"":1,""114"":1,""119"":1,""121"":1,""127"":1,""131"":1,""133"":1,""142"":2,""145"":2,""150"":1,""161"":2,""163"":1,""202"":1,""222"":1,""236"":2,""238"":1,""245"":1,""254"":2,""266"":1,""350"":10,""412"":2,""498"":1,""523"":1}",0
27,d7895f20-abd6-4552-a559-63ba2626b88f,27,BASELINE,2025-10-12 00:58:10.984788+00,37,3,0,SILVER,1,GOLD,3,2025-10-12 00:58:11.07322+00,2025-10-12 01:12:57.380371+00,"{""1"":1,""3"":1,""4"":1,""9"":2,""12"":1,""15"":1,""17"":2,""18"":1,""19"":1,""21"":4,""22"":1,""24"":1,""26"":2,""29"":5,""31"":2,""32"":2,""33"":1,""36"":2,""37"":1,""40"":1,""53"":1,""56"":1,""57"":2,""63"":2,""67"":1,""78"":1,""81"":1,""86"":1,""89"":1,""96"":1,""98"":3,""99"":1,""105"":1,""111"":2,""115"":2,""133"":1,""142"":1,""161"":2,""222"":4,""235"":1,""267"":2,""350"":3,""360"":2,""412"":1,""421"":1,""518"":1,""804"":1}",0
28,d7895f20-abd6-4552-a559-63ba2626b88f,27,CURRENT,2026-02-18 18:41:58.988489+00,37,4,5,gold,4,unranked,3,2025-10-12 00:58:12.380353+00,2026-02-18 18:41:59.277992+00,"{""1"":1,""3"":1,""4"":1,""9"":2,""12"":1,""15"":1,""17"":2,""18"":1,""19"":1,""21"":4,""22"":1,""24"":1,""26"":2,""29"":5,""31"":2,""32"":2,""33"":1,""36"":2,""37"":1,""40"":1,""53"":1,""56"":1,""57"":2,""63"":2,""67"":1,""78"":1,""81"":1,""86"":1,""89"":1,""96"":1,""98"":3,""99"":1,""105"":1,""111"":2,""115"":2,""133"":1,""142"":1,""161"":2,""222"":4,""235"":1,""267"":2,""350"":3,""360"":2,""412"":1,""421"":1,""518"":1,""804"":1}",0
29,d7895f20-abd6-4552-a559-63ba2626b88f,22,BASELINE,2025-10-12 00:59:32.808171+00,82,3,0,GOLD,2,PLATINUM,2,2025-10-12 00:59:32.892654+00,2025-10-12 01:12:54.910758+00,"{""1"":1,""4"":1,""5"":1,""8"":1,""10"":2,""12"":2,""13"":3,""15"":2,""16"":2,""18"":4,""19"":3,""20"":1,""21"":2,""22"":2,""24"":1,""25"":3,""29"":6,""30"":2,""31"":1,""32"":4,""34"":1,""36"":1,""37"":1,""40"":1,""43"":4,""45"":1,""51"":1,""54"":1,""55"":2,""57"":1,""63"":1,""64"":2,""67"":1,""68"":1,""75"":1,""77"":1,""78"":1,""80"":1,""81"":1,""82"":1,""83"":1,""84"":4,""86"":2,""89"":3,""92"":1,""98"":2,""99"":3,""101"":1,""103"":1,""106"":5,""107"":1,""110"":1,""111"":7,""113"":1,""120"":2,""122"":1,""131"":6,""133"":2,""145"":3,""161"":2,""201"":7,""203"":1,""222"":3,""234"":1,""235"":1,""236"":7,""238"":1,""245"":2,""266"":2,""267"":3,""268"":2,""350"":6,""412"":4,""420"":1,""429"":1,""432"":1,""498"":1,""523"":3,""555"":1}",0
30,d7895f20-abd6-4552-a559-63ba2626b88f,22,CURRENT,2026-02-18 18:42:47.535234+00,82,5,0,unranked,2,unranked,2,2025-10-12 00:59:34.270837+00,2026-02-18 18:42:47.899883+00,"{""1"":1,""4"":1,""5"":1,""8"":1,""10"":2,""12"":2,""13"":3,""15"":2,""16"":2,""18"":4,""19"":3,""20"":1,""21"":2,""22"":2,""24"":1,""25"":3,""29"":6,""30"":2,""31"":1,""32"":4,""34"":1,""36"":1,""37"":1,""40"":1,""43"":4,""45"":1,""51"":1,""54"":1,""55"":2,""57"":1,""63"":1,""64"":2,""67"":1,""68"":1,""75"":1,""77"":1,""78"":1,""80"":1,""81"":1,""82"":1,""83"":1,""84"":4,""86"":2,""89"":3,""92"":1,""98"":2,""99"":3,""101"":1,""103"":1,""106"":5,""107"":1,""110"":1,""111"":7,""113"":1,""120"":2,""122"":1,""131"":6,""133"":2,""145"":3,""161"":2,""201"":7,""203"":1,""222"":3,""234"":1,""235"":1,""236"":7,""238"":1,""245"":2,""266"":2,""267"":3,""268"":2,""350"":6,""412"":4,""420"":1,""429"":1,""432"":1,""498"":1,""523"":3,""555"":1}",0
33,d7895f20-abd6-4552-a559-63ba2626b88f,7,BASELINE,2025-10-12 01:00:24.679102+00,45,3,0,GOLD,1,GOLD,2,2025-10-12 01:00:24.78619+00,2025-10-12 01:12:53.390052+00,"{""1"":1,""8"":1,""9"":3,""15"":2,""18"":1,""19"":1,""20"":1,""21"":6,""22"":1,""29"":4,""31"":1,""32"":1,""33"":2,""34"":1,""35"":1,""39"":1,""40"":1,""45"":2,""53"":1,""63"":1,""64"":2,""76"":1,""81"":1,""84"":1,""99"":2,""104"":4,""107"":1,""110"":1,""114"":1,""115"":1,""119"":1,""126"":1,""127"":1,""131"":1,""147"":1,""202"":1,""222"":1,""236"":2,""245"":1,""350"":9,""360"":1,""429"":1,""498"":1,""518"":2,""555"":1,""800"":1,""902"":4}",0
34,d7895f20-abd6-4552-a559-63ba2626b88f,7,CURRENT,2026-02-18 18:43:24.122557+00,47,5,0,unranked,4,unranked,1,2025-10-12 01:00:26.439751+00,2026-02-18 18:43:24.407455+00,"{""1"":1,""8"":1,""9"":3,""15"":2,""18"":1,""19"":1,""20"":1,""21"":6,""22"":1,""29"":4,""31"":1,""32"":1,""33"":2,""34"":1,""35"":1,""39"":1,""40"":1,""45"":2,""53"":1,""63"":1,""64"":2,""76"":1,""81"":1,""84"":1,""99"":2,""104"":4,""107"":1,""110"":1,""114"":1,""115"":1,""119"":1,""126"":1,""127"":1,""131"":1,""147"":1,""202"":1,""222"":1,""236"":2,""245"":1,""266"":1,""350"":10,""360"":1,""429"":1,""498"":1,""518"":2,""555"":1,""800"":1,""902"":4}",0
37,e55f6073-25c5-4c73-a220-4b6327f7ba5e,14,BASELINE,2025-10-12 01:01:00.051673+00,85,3,0,PLATINUM,4,PLATINUM,3,2025-10-12 01:01:00.14897+00,2025-10-12 01:12:54.188894+00,"{""1"":1,""4"":1,""9"":1,""12"":2,""13"":1,""17"":2,""18"":1,""19"":1,""21"":7,""22"":1,""25"":2,""26"":1,""27"":1,""29"":9,""31"":3,""32"":2,""33"":2,""34"":1,""36"":3,""37"":1,""39"":1,""40"":1,""43"":3,""44"":3,""45"":1,""50"":7,""51"":2,""54"":1,""56"":3,""57"":1,""60"":1,""62"":1,""63"":1,""64"":2,""67"":2,""69"":1,""76"":2,""77"":2,""78"":2,""79"":1,""80"":1,""81"":1,""82"":1,""86"":1,""89"":2,""96"":2,""98"":3,""99"":4,""103"":2,""104"":1,""105"":1,""106"":1,""107"":2,""110"":1,""111"":1,""114"":1,""115"":1,""117"":2,""119"":1,""120"":1,""122"":1,""131"":1,""133"":1,""141"":1,""150"":4,""154"":1,""157"":1,""161"":1,""200"":2,""202"":2,""203"":1,""268"":1,""350"":8,""360"":3,""412"":1,""421"":3,""497"":3,""498"":6,""518"":2,""555"":1,""777"":1,""875"":4,""876"":2,""887"":1,""897"":1,""902"":3}",0
38,e55f6073-25c5-4c73-a220-4b6327f7ba5e,14,CURRENT,2026-02-18 18:41:40.669785+00,86,5,0,unranked,3,unranked,3,2025-10-12 01:01:01.52807+00,2026-02-18 18:41:41.008075+00,"{""1"":1,""4"":1,""9"":1,""12"":2,""13"":1,""17"":2,""18"":1,""19"":1,""21"":7,""22"":1,""25"":2,""26"":1,""27"":1,""29"":9,""31"":3,""32"":2,""33"":2,""34"":1,""36"":3,""37"":1,""39"":1,""40"":1,""43"":3,""44"":3,""45"":1,""50"":7,""51"":2,""54"":1,""56"":3,""57"":1,""60"":1,""62"":1,""63"":1,""64"":2,""67"":2,""69"":1,""76"":2,""77"":2,""78"":2,""79"":1,""80"":1,""81"":1,""82"":1,""86"":1,""89"":2,""96"":2,""98"":3,""99"":4,""103"":2,""104"":1,""105"":1,""106"":1,""107"":2,""111"":1,""114"":1,""115"":1,""117"":2,""119"":1,""120"":1,""122"":1,""131"":1,""133"":1,""141"":1,""150"":4,""154"":1,""157"":1,""161"":1,""200"":2,""202"":2,""203"":1,""268"":1,""350"":9,""360"":3,""412"":1,""421"":3,""497"":3,""498"":6,""518"":2,""555"":1,""777"":1,""875"":4,""876"":2,""887"":1,""897"":1,""902"":3}",0
41,e55f6073-25c5-4c73-a220-4b6327f7ba5e,6,BASELINE,2025-10-12 01:01:20.430505+00,41,3,0,SILVER,2,PLATINUM,3,2025-10-12 01:01:20.523718+00,2025-10-12 01:12:52.552296+00,"{""1"":1,""3"":1,""9"":1,""11"":1,""14"":1,""15"":1,""17"":1,""21"":4,""22"":4,""28"":1,""29"":6,""31"":1,""32"":2,""36"":1,""37"":1,""40"":1,""43"":1,""45"":2,""51"":2,""54"":1,""56"":2,""63"":1,""78"":1,""79"":2,""81"":2,""89"":1,""92"":1,""96"":4,""98"":1,""99"":2,""103"":1,""111"":2,""115"":1,""119"":1,""122"":1,""133"":1,""145"":1,""202"":1,""223"":2,""254"":1,""350"":7,""498"":1,""523"":1,""887"":1,""901"":1}",0
42,e55f6073-25c5-4c73-a220-4b6327f7ba5e,6,CURRENT,2026-02-18 18:42:33.300768+00,42,5,0,unranked,4,unranked,2,2025-10-12 01:01:21.842781+00,2026-02-18 18:42:33.632883+00,"{""1"":1,""3"":1,""9"":1,""11"":1,""14"":1,""15"":1,""17"":1,""21"":4,""22"":4,""28"":1,""29"":6,""31"":1,""32"":2,""36"":1,""37"":1,""40"":1,""43"":1,""45"":2,""51"":2,""54"":1,""56"":2,""63"":1,""78"":1,""79"":2,""81"":2,""89"":1,""92"":1,""96"":4,""98"":3,""99"":2,""103"":1,""111"":2,""115"":1,""119"":1,""122"":1,""133"":1,""145"":1,""202"":1,""223"":2,""254"":1,""350"":7,""498"":1,""523"":1,""887"":1,""901"":1}",0
45,e55f6073-25c5-4c73-a220-4b6327f7ba5e,24,BASELINE,2025-10-12 01:04:46.485352+00,81,3,0,GOLD,2,GOLD,2,2025-10-12 01:04:46.588381+00,2025-11-08 15:50:54.41287+00,"{""1"":2,""3"":1,""4"":2,""6"":2,""7"":1,""8"":1,""10"":2,""11"":2,""12"":2,""13"":1,""15"":2,""16"":2,""17"":1,""18"":2,""19"":2,""21"":2,""22"":6,""24"":1,""25"":1,""26"":5,""29"":5,""31"":1,""32"":4,""33"":2,""34"":1,""36"":2,""37"":1,""40"":2,""45"":2,""48"":2,""51"":3,""53"":1,""54"":1,""56"":4,""57"":1,""58"":1,""59"":1,""60"":1,""62"":1,""63"":1,""67"":2,""74"":1,""76"":1,""77"":1,""78"":6,""80"":1,""81"":1,""82"":1,""86"":1,""89"":4,""91"":1,""98"":2,""99"":5,""104"":1,""106"":1,""107"":6,""110"":1,""111"":2,""112"":1,""113"":2,""114"":2,""117"":1,""119"":1,""121"":1,""122"":3,""133"":1,""141"":2,""147"":1,""161"":2,""201"":1,""235"":1,""236"":1,""238"":1,""240"":1}",0
46,e55f6073-25c5-4c73-a220-4b6327f7ba5e,24,CURRENT,2026-02-18 18:42:59.211872+00,82,5,5,unranked,2,gold,1,2025-10-12 01:04:47.953359+00,2026-02-18 18:42:59.48949+00,"{""1"":2,""3"":1,""4"":2,""6"":2,""7"":1,""8"":1,""10"":2,""11"":2,""12"":2,""13"":1,""15"":2,""16"":2,""17"":1,""18"":2,""19"":2,""21"":2,""22"":6,""24"":1,""25"":1,""26"":5,""29"":5,""31"":1,""32"":4,""33"":2,""34"":1,""36"":2,""37"":1,""40"":2,""45"":2,""48"":2,""51"":3,""53"":1,""54"":1,""56"":4,""57"":1,""58"":1,""59"":1,""60"":1,""62"":1,""63"":1,""67"":2,""74"":1,""76"":1,""77"":1,""78"":6,""80"":1,""81"":1,""82"":1,""86"":1,""89"":4,""91"":1,""98"":2,""99"":5,""104"":1,""106"":1,""107"":6,""110"":1,""111"":2,""112"":1,""113"":2,""114"":2,""117"":1,""119"":1,""121"":1,""122"":3,""133"":1,""141"":2,""147"":1,""161"":2,""201"":1,""235"":1,""236"":1,""238"":1,""240"":1,""245"":1,""267"":3,""268"":1,""350"":7,""360"":1,""412"":6,""516"":1,""526"":2,""555"":1,""777"":1,""902"":2,""913"":1}",0
47,3d874267-f665-4c55-9f5d-9c06eea06a75,11,BASELINE,2025-10-12 03:32:24.030836+00,72,3,0,EMERALD,4,DIAMOND,4,2025-10-12 03:32:24.373321+00,2025-10-12 14:05:12.492887+00,"{""9"":1,""10"":1,""11"":1,""12"":4,""13"":1,""15"":1,""18"":3,""19"":1,""21"":2,""22"":2,""24"":1,""25"":2,""26"":1,""28"":1,""29"":3,""30"":1,""31"":2,""32"":2,""33"":1,""34"":2,""36"":1,""37"":1,""39"":1,""40"":2,""42"":1,""43"":1,""45"":2,""48"":2,""51"":1,""53"":1,""55"":1,""56"":3,""59"":1,""60"":1,""62"":1,""63"":1,""67"":3,""76"":1,""78"":3,""81"":4,""82"":4,""83"":2,""84"":1,""89"":3,""90"":1,""96"":3,""99"":1,""102"":1,""103"":1,""105"":1,""107"":10,""110"":1,""114"":1,""121"":2,""122"":1,""131"":2,""133"":1,""134"":1,""136"":1,""141"":3,""145"":1,""147"":1,""157"":1,""200"":2,""202"":1,""221"":1,""222"":3,""235"":1,""236"":1,""240"":1,""245"":1,""254"":2,""266"":1,""350"":7,""360"":5,""412"":1,""421"":1,""498"":1,""518"":1,""526"":2,""555"":1,""777"":2,""875"":2,""901"":2}",0
48,3d874267-f665-4c55-9f5d-9c06eea06a75,11,CURRENT,2026-02-18 18:42:16.419517+00,72,5,13,unranked,1,unranked,4,2025-10-12 03:32:25.72319+00,2026-02-18 18:42:16.765908+00,"{""9"":1,""10"":1,""11"":1,""12"":4,""13"":1,""15"":1,""18"":3,""19"":1,""21"":2,""22"":2,""24"":1,""25"":2,""26"":1,""28"":1,""29"":3,""30"":1,""31"":2,""32"":2,""33"":1,""34"":2,""36"":1,""37"":1,""39"":1,""40"":2,""42"":1,""43"":1,""45"":2,""48"":2,""51"":1,""53"":1,""55"":1,""56"":3,""59"":1,""60"":1,""62"":1,""63"":1,""67"":3,""76"":1,""78"":3,""81"":4,""82"":4,""83"":2,""84"":1,""89"":3,""90"":1,""96"":3,""99"":1,""102"":1,""103"":1,""105"":1,""107"":10,""110"":1,""114"":1,""121"":2,""122"":1,""131"":2,""133"":1,""134"":1,""136"":1,""141"":3,""145"":1,""147"":1,""157"":1,""200"":2,""202"":1,""221"":1,""222"":3,""235"":1,""236"":1,""240"":1,""245"":1,""254"":2,""266"":1,""350"":7,""360"":5,""412"":1,""421"":1,""498"":1,""518"":1,""526"":2,""555"":1,""777"":2,""875"":2,""901"":2}",0
49,5a8753ad-43bd-45fd-b0c0-caf0339a1e7b,47,BASELINE,2025-10-12 14:30:21.887698+00,0,3,0,UNRANKED,0,UNRANKED,0,2025-10-12 14:30:21.98694+00,2025-10-16 03:45:57.550021+00,"{""3"":1,""7"":1,""14"":1,""16"":2,""18"":1,""36"":2,""43"":1,""58"":1,""61"":2,""67"":1,""79"":2,""80"":1,""84"":2,""92"":1,""99"":1,""111"":1,""131"":3,""133"":1,""136"":1,""234"":1,""235"":1,""497"":1,""800"":1,""875"":1,""901"":1}",0
50,5a8753ad-43bd-45fd-b0c0-caf0339a1e7b,47,CURRENT,2026-02-18 18:42:08.344+00,33,5,10,gold,4,unranked,4,2025-10-12 14:30:23.436623+00,2026-02-18 18:42:08.660174+00,"{""3"":2,""7"":1,""14"":2,""16"":2,""18"":1,""36"":2,""43"":2,""58"":1,""61"":2,""67"":1,""79"":4,""80"":1,""84"":2,""92"":3,""99"":1,""111"":1,""131"":3,""133"":1,""136"":1,""143"":2,""234"":1,""235"":2,""350"":1,""497"":1,""526"":5,""800"":1,""875"":1,""901"":1}",0
51,3d874267-f665-4c55-9f5d-9c06eea06a75,25,BASELINE,2025-10-12 17:47:54.338857+00,95,3,0,PLATINUM,4,GOLD,3,2025-10-12 17:47:54.672704+00,2025-10-12 20:36:31.424347+00,"{""1"":2,""2"":1,""3"":1,""7"":2,""8"":1,""9"":1,""10"":2,""11"":1,""12"":3,""14"":2,""15"":2,""16"":1,""17"":1,""18"":1,""19"":2,""20"":4,""21"":4,""22"":5,""23"":1,""24"":1,""25"":3,""29"":5,""30"":2,""32"":2,""33"":1,""34"":1,""35"":1,""36"":1,""38"":1,""39"":2,""41"":1,""43"":1,""45"":2,""50"":1,""51"":2,""54"":2,""57"":1,""58"":1,""59"":1,""60"":1,""61"":1,""62"":1,""63"":1,""64"":2,""67"":4,""68"":3,""72"":2,""75"":1,""76"":1,""78"":3,""79"":1,""80"":2,""81"":4,""82"":2,""83"":3,""84"":1,""85"":1,""86"":2,""89"":1,""90"":2,""91"":1,""92"":1,""96"":1,""98"":2,""99"":1,""102"":1,""103"":1,""104"":1,""105"":1,""106"":3,""107"":2,""110"":1,""111"":5,""113"":1,""114"":1,""120"":4,""121"":1,""122"":3,""126"":1,""131"":1,""133"":3,""136"":1,""141"":2,""145"":8,""150"":3,""154"":1,""157"":1,""161"":1,""163"":1,""166"":1,""200"":1,""201"":1,""202"":1,""222"":1,""223"":1,""234"":2,""235"":1,""236"":7,""238"":1,""245"":1,""266"":2,""350"":5,""412"":2,""421"":1,""429"":2,""498"":1,""516"":4,""517"":3,""518"":1,""555"":1,""777"":1,""804"":2,""875"":3,""887"":1,""897"":1,""901"":3}",0
52,3d874267-f665-4c55-9f5d-9c06eea06a75,25,CURRENT,2026-02-18 18:41:58.09607+00,95,5,0,unranked,4,unranked,3,2025-10-12 17:47:56.358817+00,2026-02-18 18:41:58.42709+00,"{""1"":2,""2"":1,""3"":1,""7"":2,""8"":1,""9"":1,""10"":2,""11"":1,""12"":3,""14"":2,""15"":2,""16"":1,""17"":1,""18"":1,""19"":2,""20"":4,""21"":4,""22"":5,""23"":1,""24"":1,""25"":3,""29"":5,""30"":2,""32"":2,""33"":1,""34"":1,""35"":1,""36"":1,""38"":1,""39"":2,""41"":1,""43"":1,""45"":2,""50"":1,""51"":2,""54"":2,""57"":1,""58"":1,""59"":1,""60"":1,""61"":1,""62"":1,""63"":1,""64"":2,""67"":4,""68"":3,""72"":2,""75"":1,""76"":1,""78"":3,""79"":1,""80"":2,""81"":4,""82"":2,""83"":3,""84"":1,""85"":1,""86"":2,""89"":1,""90"":2,""91"":1,""92"":1,""96"":1,""98"":2,""99"":1,""102"":1,""103"":1,""104"":1,""105"":1,""106"":3,""107"":2,""110"":1,""111"":5,""113"":1,""114"":1,""120"":4,""121"":1,""122"":3,""126"":1,""131"":1,""133"":3,""136"":1,""141"":2,""145"":8,""150"":3,""154"":1,""157"":1,""161"":1,""163"":1,""166"":1,""200"":1,""201"":1,""202"":1,""222"":1,""223"":1,""234"":2,""235"":1,""236"":7,""238"":1,""245"":1,""266"":2,""350"":5,""412"":2,""421"":1,""429"":2,""498"":1,""516"":4,""517"":3,""518"":1,""555"":1,""777"":1,""804"":2,""875"":3,""887"":1,""897"":1,""901"":3}",0
53,3d874267-f665-4c55-9f5d-9c06eea06a75,28,BASELINE,2025-10-12 17:48:19.50288+00,36,3,0,GOLD,3,GOLD,3,2025-10-12 17:48:19.594415+00,2025-10-12 20:37:10.824191+00,"{""1"":1,""4"":1,""5"":4,""15"":1,""19"":5,""21"":1,""23"":1,""24"":1,""25"":1,""29"":5,""37"":1,""40"":1,""51"":1,""54"":2,""59"":2,""61"":1,""62"":1,""63"":2,""64"":2,""75"":2,""79"":1,""80"":1,""81"":1,""82"":3,""83"":1,""84"":5,""86"":1,""96"":2,""99"":2,""105"":1,""106"":2,""110"":1,""111"":2,""112"":1,""114"":2,""121"":1,""122"":2,""131"":4,""133"":1,""134"":1,""145"":2,""150"":1,""157"":1,""164"":1,""222"":3,""223"":1,""236"":1,""350"":2,""420"":1,""555"":1,""777"":1}",0
54,3d874267-f665-4c55-9f5d-9c06eea06a75,28,CURRENT,2026-02-18 18:43:17.745948+00,36,5,0,unranked,3,unranked,3,2025-10-12 17:48:20.924043+00,2026-02-18 18:43:18.028489+00,"{""1"":1,""4"":1,""5"":4,""15"":1,""19"":5,""21"":1,""23"":1,""24"":1,""25"":1,""29"":5,""37"":1,""40"":1,""51"":1,""54"":2,""59"":2,""61"":1,""62"":1,""63"":2,""64"":2,""75"":2,""79"":1,""80"":1,""81"":1,""82"":3,""83"":1,""84"":5,""86"":1,""96"":2,""99"":2,""105"":1,""106"":2,""110"":1,""111"":2,""112"":1,""114"":2,""121"":1,""122"":2,""131"":4,""133"":1,""134"":1,""145"":2,""150"":1,""157"":1,""164"":1,""222"":3,""223"":1,""236"":1,""350"":2,""420"":1,""555"":1,""777"":1}",0
55,c446637c-3582-44fd-a26b-93eaadb027b4,40,BASELINE,2025-10-14 00:35:00.621465+00,58,3,0,SILVER,1,EMERALD,3,2025-10-14 00:35:00.74495+00,2025-10-14 00:35:00.74495+00,"{""4"":1,""7"":1,""10"":1,""11"":1,""15"":3,""18"":4,""19"":1,""21"":1,""22"":4,""24"":1,""29"":1,""32"":1,""35"":1,""51"":3,""54"":2,""57"":1,""59"":1,""62"":1,""67"":7,""76"":3,""81"":2,""82"":1,""84"":2,""86"":1,""89"":2,""96"":1,""99"":2,""103"":1,""110"":2,""111"":2,""113"":1,""119"":1,""122"":1,""131"":1,""145"":7,""147"":1,""201"":1,""202"":1,""221"":1,""222"":2,""234"":1,""238"":1,""267"":1,""360"":1,""412"":2,""497"":1,""498"":2,""523"":4,""555"":1}",0
56,c446637c-3582-44fd-a26b-93eaadb027b4,40,CURRENT,2026-02-18 18:43:26.289512+00,58,4,15,gold,3,unranked,1,2025-10-14 00:35:02.27335+00,2026-02-18 18:43:26.597954+00,"{""4"":1,""7"":1,""10"":1,""11"":1,""15"":3,""18"":4,""19"":1,""21"":1,""22"":4,""24"":1,""29"":1,""32"":1,""35"":1,""51"":4,""54"":2,""57"":1,""59"":1,""62"":1,""67"":9,""76"":3,""81"":2,""82"":1,""84"":2,""86"":1,""89"":2,""96"":1,""99"":2,""103"":1,""110"":2,""111"":2,""113"":1,""119"":1,""122"":1,""131"":1,""145"":9,""147"":1,""201"":1,""202"":1,""221"":1,""222"":2,""234"":1,""238"":1,""267"":1,""360"":1,""412"":2,""497"":1,""498"":2,""523"":4,""555"":1}",0
57,c446637c-3582-44fd-a26b-93eaadb027b4,21,BASELINE,2025-10-14 00:37:15.953836+00,38,3,0,GOLD,3,EMERALD,1,2025-10-14 00:37:16.073123+00,2025-10-14 00:55:53.632081+00,"{""4"":2,""15"":1,""18"":3,""22"":3,""29"":1,""51"":3,""54"":1,""63"":1,""67"":4,""76"":3,""80"":1,""99"":1,""119"":1,""145"":4,""147"":1,""200"":1,""222"":2,""236"":1,""412"":3,""523"":3,""901"":1}",0
58,c446637c-3582-44fd-a26b-93eaadb027b4,21,CURRENT,2026-02-18 18:43:15.46601+00,39,4,0,unranked,3,unranked,1,2025-10-14 00:37:17.710376+00,2026-02-18 18:43:15.733039+00,"{""4"":2,""15"":1,""18"":3,""22"":3,""51"":4,""54"":1,""63"":1,""67"":4,""76"":3,""80"":1,""99"":1,""119"":1,""145"":5,""147"":2,""200"":1,""222"":2,""236"":1,""412"":3,""523"":5,""901"":1}",0
59,c446637c-3582-44fd-a26b-93eaadb027b4,20,BASELINE,2025-10-14 00:37:31.844973+00,224,3,0,EMERALD,3,EMERALD,2,2025-10-14 00:37:31.955581+00,2025-10-14 00:55:00.381135+00,"{""1"":1,""4"":1,""7"":1,""8"":1,""9"":1,""10"":3,""11"":1,""12"":2,""13"":1,""15"":7,""16"":1,""17"":1,""18"":8,""19"":1,""21"":6,""22"":8,""23"":1,""24"":1,""25"":2,""26"":1,""29"":2,""31"":1,""32"":1,""36"":2,""37"":1,""38"":1,""39"":2,""41"":1,""42"":2,""43"":1,""45"":1,""48"":1,""51"":9,""53"":1,""54"":4,""56"":2,""57"":1,""59"":1,""67"":11,""69"":1,""75"":1,""78"":1,""80"":1,""81"":8,""82"":2,""86"":3,""89"":3,""90"":1,""91"":1,""92"":1,""96"":2,""99"":2,""102"":1,""103"":2,""104"":1,""107"":1,""110"":6,""111"":7,""113"":2,""114"":1,""117"":1,""119"":2,""120"":1,""122"":1,""126"":1,""131"":1,""133"":2,""134"":1,""141"":1,""145"":20,""147"":2,""161"":1,""200"":1,""201"":1,""202"":4,""203"":1,""221"":1,""222"":4,""235"":1,""236"":4,""238"":2,""245"":1,""266"":1,""267"":2,""268"":1,""350"":1,""360"":6,""412"":1,""427"":1,""429"":2,""498"":6,""516"":1,""517"":1,""518"":1,""523"":8,""555"":1,""777"":2,""804"":1,""875"":1,""876"":1,""895"":2,""901"":2}",0
60,c446637c-3582-44fd-a26b-93eaadb027b4,20,CURRENT,2026-02-18 18:43:13.207026+00,225,4,5,unranked,3,emerald,3,2025-10-14 00:37:33.608004+00,2026-02-18 18:43:13.523601+00,"{""1"":1,""4"":1,""7"":1,""8"":1,""9"":1,""10"":3,""11"":1,""12"":2,""13"":1,""15"":7,""16"":1,""17"":1,""18"":8,""19"":1,""21"":6,""22"":8,""23"":1,""24"":1,""25"":2,""26"":1,""29"":2,""31"":1,""32"":1,""34"":1,""36"":2,""37"":1,""38"":1,""39"":2,""41"":1,""42"":2,""43"":1,""45"":1,""48"":1,""51"":9,""53"":1,""54"":4,""56"":2,""57"":1,""59"":1,""67"":11,""69"":1,""75"":1,""78"":1,""80"":1,""81"":8,""82"":2,""86"":3,""89"":3,""90"":1,""91"":1,""92"":1,""96"":2,""99"":2,""102"":1,""103"":2,""104"":1,""107"":1,""110"":6,""111"":7,""113"":2,""114"":1,""117"":1,""119"":2,""120"":1,""122"":1,""126"":1,""131"":1,""133"":2,""134"":1,""141"":1,""145"":11,""147"":2,""161"":1,""200"":1,""201"":1,""202"":4,""203"":1,""221"":1,""222"":5,""235"":1,""236"":4,""238"":2,""245"":1,""266"":1,""267"":2,""268"":1,""350"":1,""360"":6,""412"":1,""427"":1,""429"":2,""498"":6,""516"":1,""517"":1,""518"":1,""523"":8,""555"":1,""777"":2,""804"":1,""875"":1,""876"":1,""895"":2,""901"":2}",0
61,3d874267-f665-4c55-9f5d-9c06eea06a75,18,BASELINE,2025-10-14 01:04:46.7177+00,77,4,0,GOLD,1,GOLD,2,2025-10-14 01:04:46.842237+00,2025-10-14 01:04:46.842237+00,"{""1"":1,""2"":2,""4"":2,""7"":3,""8"":1,""9"":1,""10"":2,""11"":1,""15"":2,""16"":1,""18"":2,""19"":2,""21"":1,""22"":2,""23"":1,""24"":1,""25"":3,""26"":1,""29"":3,""30"":3,""31"":1,""32"":2,""34"":2,""35"":1,""36"":1,""37"":1,""39"":1,""40"":2,""43"":3,""45"":3,""48"":1,""50"":2,""51"":2,""54"":1,""55"":3,""57"":1,""58"":1,""59"":2,""60"":1,""61"":1,""62"":2,""63"":1,""64"":1,""67"":2,""68"":2,""69"":1,""72"":1,""74"":1,""75"":1,""76"":2,""78"":2,""80"":2,""81"":2,""82"":4,""84"":1,""85"":1,""86"":1,""89"":2,""90"":1,""92"":1,""99"":1,""101"":3,""102"":1,""103"":1,""104"":3,""105"":3,""106"":2,""107"":2,""110"":3,""111"":6,""113"":1,""114"":3,""117"":1,""119"":1,""120"":2,""121"":3,""122"":2,""127"":3,""131"":1,""133"":2,""134"":7,""141"":1,""142"":1,""145"":2,""150"":1,""161"":2,""201"":1,""202"":2,""203"":1,""221"":1,""222"":4,""223"":2,""235"":1,""236"":2,""238"":1,""240"":2,""245"":2,""246"":1,""254"":1,""266"":3,""267"":1,""268"":3,""350"":3,""360"":1,""427"":1,""432"":3,""498"":2,""517"":1,""555"":4,""711"":2,""777"":1,""876"":1,""887"":2,""888"":1,""910"":1}",0
62,3d874267-f665-4c55-9f5d-9c06eea06a75,18,CURRENT,2026-02-18 18:42:52.226363+00,81,5,0,unranked,1,unranked,3,2025-10-14 01:04:48.495254+00,2026-02-18 18:42:52.542866+00,"{""1"":1,""2"":2,""4"":2,""7"":3,""8"":1,""9"":1,""10"":2,""11"":1,""15"":2,""16"":1,""18"":2,""19"":2,""21"":1,""22"":2,""23"":1,""24"":1,""25"":3,""26"":1,""29"":3,""30"":3,""31"":1,""32"":2,""34"":2,""35"":1,""36"":1,""37"":1,""39"":1,""40"":2,""43"":3,""45"":3,""48"":1,""50"":2,""51"":2,""54"":1,""55"":3,""57"":1,""58"":1,""59"":2,""60"":1,""61"":1,""62"":2,""63"":1,""64"":1,""67"":2,""68"":2,""69"":1,""72"":1,""74"":1,""75"":1,""76"":2,""78"":2,""80"":2,""81"":2,""82"":4,""84"":1,""85"":1,""86"":1,""89"":2,""90"":1,""92"":1,""99"":1,""101"":3,""102"":1,""103"":1,""104"":3,""105"":3,""106"":2,""107"":2,""110"":3,""111"":6,""113"":1,""114"":3,""117"":1,""119"":1,""120"":2,""121"":3,""122"":2,""127"":3,""131"":1,""133"":2,""134"":7,""141"":1,""142"":1,""145"":2,""150"":1,""161"":2,""201"":1,""202"":2,""203"":1,""221"":1,""222"":4,""223"":2,""235"":1,""236"":2,""238"":1,""240"":2,""245"":2,""246"":1,""254"":1,""266"":3,""267"":1,""268"":3,""350"":3,""360"":1,""427"":1,""432"":3,""498"":2,""517"":1,""555"":4,""711"":2,""777"":1,""876"":1,""887"":2,""888"":1,""901"":4,""910"":1}",0
63,0aadc772-595d-4999-bef3-8ca0602a6e44,33,BASELINE,2025-10-14 01:15:45.511279+00,38,3,0,PLATINUM,4,EMERALD,1,2025-10-14 01:15:45.610664+00,2025-10-14 01:20:57.831239+00,"{""3"":4,""4"":2,""8"":1,""11"":1,""12"":2,""18"":2,""21"":2,""22"":1,""26"":2,""29"":1,""31"":1,""33"":2,""34"":1,""37"":1,""41"":1,""51"":1,""54"":1,""57"":2,""61"":1,""63"":1,""64"":4,""67"":2,""76"":1,""78"":1,""79"":1,""81"":1,""82"":1,""84"":4,""85"":2,""98"":1,""99"":2,""104"":2,""106"":2,""111"":1,""117"":1,""120"":1,""126"":1,""127"":2,""150"":1,""154"":2,""157"":2,""164"":2,""202"":1,""222"":2,""238"":1,""245"":2,""350"":4,""412"":2,""518"":1,""555"":1,""777"":1,""804"":3,""875"":1,""888"":2,""902"":1}",0
64,0aadc772-595d-4999-bef3-8ca0602a6e44,33,CURRENT,2026-02-18 18:42:23.625108+00,38,5,0,unranked,4,unranked,1,2025-10-14 01:15:47.059456+00,2026-02-18 18:42:23.917205+00,"{""3"":4,""4"":2,""8"":1,""11"":1,""12"":2,""18"":2,""21"":2,""22"":1,""26"":2,""29"":1,""31"":1,""33"":2,""34"":1,""37"":1,""41"":1,""51"":1,""54"":1,""57"":2,""61"":1,""63"":1,""64"":4,""67"":2,""76"":1,""78"":1,""79"":1,""81"":1,""82"":1,""84"":4,""85"":2,""98"":1,""99"":2,""104"":2,""106"":2,""111"":1,""117"":1,""120"":1,""126"":1,""127"":2,""150"":1,""154"":2,""157"":2,""164"":2,""202"":1,""222"":2,""238"":1,""245"":2,""350"":4,""412"":2,""518"":1,""555"":1,""777"":1,""804"":3,""875"":1,""888"":2,""902"":1}",0
65,0aadc772-595d-4999-bef3-8ca0602a6e44,36,BASELINE,2025-10-14 01:16:05.513941+00,77,3,0,GOLD,2,EMERALD,4,2025-10-14 01:16:05.629382+00,2025-10-14 01:21:49.865118+00,"{""1"":1,""3"":2,""4"":5,""7"":1,""8"":1,""9"":2,""11"":1,""13"":2,""15"":1,""20"":4,""21"":2,""22"":1,""23"":6,""24"":1,""25"":1,""26"":3,""27"":2,""29"":5,""32"":1,""35"":2,""36"":2,""38"":1,""39"":2,""40"":2,""41"":1,""43"":1,""45"":2,""51"":4,""54"":2,""57"":1,""61"":1,""62"":2,""63"":1,""64"":3,""67"":3,""68"":2,""72"":1,""74"":3,""78"":1,""79"":3,""81"":2,""84"":2,""89"":6,""90"":2,""92"":1,""96"":1,""98"":1,""99"":6,""101"":3,""103"":1,""104"":1,""105"":1,""107"":4,""111"":1,""115"":2,""117"":1,""121"":1,""122"":1,""131"":1,""142"":1,""154"":1,""161"":1,""201"":1,""202"":5,""222"":1,""223"":2,""234"":2,""236"":2,""238"":2,""245"":5,""254"":1,""350"":5,""360"":2,""412"":2,""427"":1,""517"":3,""518"":1,""526"":2,""555"":1}",0
66,0aadc772-595d-4999-bef3-8ca0602a6e44,36,CURRENT,2026-02-18 18:43:06.377156+00,78,4,0,unranked,1,unranked,3,2025-10-14 01:16:07.035919+00,2026-02-18 18:43:06.69364+00,"{""1"":1,""3"":2,""4"":5,""7"":1,""8"":1,""9"":2,""11"":1,""13"":2,""15"":1,""20"":4,""21"":2,""22"":1,""23"":6,""24"":1,""25"":1,""26"":3,""27"":2,""29"":5,""32"":1,""35"":2,""36"":2,""38"":1,""39"":2,""40"":2,""41"":1,""43"":1,""45"":2,""51"":4,""54"":2,""57"":1,""61"":1,""62"":2,""63"":1,""64"":3,""67"":3,""68"":2,""72"":1,""74"":3,""78"":1,""79"":3,""81"":2,""84"":2,""89"":6,""90"":2,""92"":1,""96"":1,""98"":1,""99"":6,""101"":3,""103"":1,""104"":1,""105"":1,""107"":4,""111"":1,""115"":2,""117"":1,""121"":1,""122"":1,""131"":1,""142"":1,""154"":1,""161"":1,""201"":1,""202"":5,""222"":1,""223"":2,""234"":2,""236"":2,""238"":2,""245"":5,""254"":1,""350"":5,""360"":2,""412"":2,""427"":1,""517"":3,""518"":1,""526"":2,""555"":1}",0
69,46c3d5a5-0007-4c7b-b1d2-52ef20e9cb69,9,BASELINE,2025-10-15 22:23:13.415049+00,90,3,0,PLATINUM,3,PLATINUM,2,2025-10-15 22:23:13.593067+00,2025-10-16 03:39:33.410926+00,"{""1"":1,""4"":2,""5"":1,""7"":2,""10"":1,""11"":5,""12"":2,""13"":2,""15"":2,""16"":1,""17"":4,""18"":1,""19"":3,""20"":5,""21"":6,""22"":2,""23"":3,""25"":1,""28"":4,""29"":2,""31"":2,""32"":2,""33"":2,""34"":3,""35"":3,""36"":2,""37"":1,""38"":1,""39"":1,""44"":2,""45"":1,""48"":2,""50"":1,""51"":2,""54"":2,""57"":1,""58"":4,""60"":3,""61"":2,""62"":2,""63"":1,""64"":2,""67"":2,""69"":2,""76"":2,""77"":2,""79"":1,""81"":2,""82"":1,""85"":4,""86"":1,""89"":1,""90"":2,""91"":1,""96"":2,""99"":1,""102"":3,""103"":3,""104"":1,""105"":3,""106"":1,""107"":4,""110"":4,""111"":1,""113"":2,""114"":2,""117"":3,""121"":1,""131"":1,""133"":1,""141"":3,""145"":1,""147"":1,""154"":2,""157"":1,""161"":2,""164"":1,""202"":2,""222"":1,""223"":4,""234"":1,""236"":2,""245"":1,""254"":1,""350"":8,""360"":2,""412"":1,""497"":3,""498"":2,""517"":2,""518"":1,""875"":6,""876"":3}",0
70,46c3d5a5-0007-4c7b-b1d2-52ef20e9cb69,9,CURRENT,2026-02-18 18:43:04.205292+00,91,5,15,unranked,2,platinum,2,2025-10-15 22:23:15.360531+00,2026-02-18 18:43:04.49892+00,"{""1"":1,""4"":2,""5"":1,""7"":2,""10"":1,""11"":5,""12"":2,""13"":2,""15"":2,""16"":1,""17"":4,""18"":1,""19"":3,""20"":5,""21"":6,""22"":2,""23"":3,""25"":1,""28"":4,""29"":2,""31"":2,""32"":2,""33"":2,""34"":3,""35"":3,""36"":2,""37"":1,""38"":1,""39"":1,""44"":2,""45"":1,""48"":2,""50"":1,""51"":2,""54"":2,""57"":1,""58"":4,""60"":3,""61"":2,""62"":2,""63"":1,""64"":2,""67"":2,""69"":2,""76"":2,""77"":2,""79"":1,""81"":2,""82"":1,""85"":4,""86"":1,""89"":1,""90"":2,""91"":1,""96"":2,""99"":1,""102"":3,""103"":3,""104"":1,""105"":3,""106"":1,""107"":4,""110"":4,""111"":1,""113"":2,""114"":2,""117"":3,""121"":1,""131"":1,""133"":1,""141"":3,""145"":1,""147"":1,""154"":2,""157"":1,""161"":2,""164"":1,""202"":2,""222"":1,""223"":4,""234"":1,""236"":2,""245"":1,""254"":1,""350"":8,""360"":2,""412"":1,""497"":3,""498"":2,""517"":2,""518"":1,""875"":6,""876"":3}",0
71,2d926f04-c40a-404e-9772-bf458d31f2e2,4,BASELINE,2025-10-16 22:08:28.109097+00,59,3,0,GOLD,1,PLATINUM,4,2025-10-16 22:08:28.20586+00,2025-10-16 22:23:29.655213+00,"{""1"":1,""2"":1,""4"":3,""7"":2,""8"":1,""11"":1,""13"":1,""15"":2,""16"":1,""18"":2,""19"":2,""20"":1,""21"":4,""22"":2,""23"":5,""24"":1,""25"":3,""28"":1,""29"":3,""30"":1,""32"":2,""33"":2,""35"":2,""36"":2,""37"":1,""39"":1,""41"":1,""43"":4,""45"":3,""50"":1,""51"":1,""54"":2,""58"":1,""61"":1,""62"":1,""63"":3,""64"":2,""67"":4,""72"":1,""78"":1,""80"":2,""82"":1,""84"":2,""89"":1,""90"":1,""91"":1,""92"":2,""99"":1,""101"":3,""103"":2,""106"":1,""107"":3,""110"":3,""113"":1,""115"":1,""117"":4,""119"":1,""122"":1,""126"":2,""133"":1,""134"":1,""142"":1,""145"":3,""147"":2,""157"":1,""202"":2,""222"":3,""223"":1,""234"":1,""235"":1,""238"":1,""245"":1,""254"":2,""350"":5,""412"":2,""427"":2,""429"":1,""497"":2,""498"":1,""517"":1,""555"":1}",0
72,2d926f04-c40a-404e-9772-bf458d31f2e2,4,CURRENT,2026-02-18 18:43:10.734293+00,60,4,0,unranked,1,unranked,4,2025-10-16 22:08:29.576707+00,2026-02-18 18:43:11.221245+00,"{""1"":1,""2"":1,""4"":3,""7"":2,""8"":1,""11"":1,""13"":4,""15"":2,""16"":1,""18"":2,""19"":2,""20"":1,""21"":4,""22"":2,""23"":5,""24"":1,""25"":3,""28"":1,""29"":3,""30"":1,""32"":2,""33"":2,""35"":2,""36"":2,""37"":1,""39"":1,""41"":1,""43"":4,""45"":3,""50"":1,""51"":1,""54"":2,""58"":1,""61"":1,""62"":1,""63"":3,""64"":2,""67"":4,""72"":1,""78"":1,""80"":2,""82"":1,""84"":3,""89"":1,""90"":1,""91"":1,""92"":2,""99"":1,""101"":3,""103"":2,""106"":1,""107"":3,""110"":3,""113"":1,""115"":1,""117"":4,""119"":1,""122"":1,""126"":2,""131"":2,""133"":1,""134"":1,""142"":1,""145"":4,""147"":2,""157"":5,""202"":2,""222"":3,""223"":1,""234"":1,""235"":1,""238"":1,""245"":1,""254"":2,""350"":5,""412"":2,""427"":2,""429"":1,""497"":2,""498"":1,""517"":1,""555"":1}",0
73,2d926f04-c40a-404e-9772-bf458d31f2e2,38,BASELINE,2025-10-16 22:19:26.952449+00,44,3,0,PLATINUM,4,EMERALD,2,2025-10-16 22:19:27.045839+00,2025-10-16 22:24:56.319998+00,"{""1"":1,""7"":1,""10"":1,""11"":1,""13"":3,""15"":1,""18"":2,""19"":1,""21"":2,""22"":2,""25"":1,""29"":2,""30"":1,""35"":1,""45"":1,""51"":3,""54"":2,""59"":1,""60"":1,""63"":2,""64"":1,""67"":3,""68"":1,""79"":1,""80"":1,""84"":3,""89"":1,""90"":2,""96"":3,""99"":2,""104"":1,""105"":2,""110"":1,""112"":2,""113"":1,""114"":1,""115"":1,""121"":2,""127"":1,""131"":2,""133"":1,""134"":1,""145"":4,""147"":1,""157"":5,""161"":1,""202"":1,""234"":1,""240"":1,""266"":1,""350"":6,""360"":3,""412"":1,""498"":2,""555"":1,""875"":1,""887"":1,""950"":1}",0
74,2d926f04-c40a-404e-9772-bf458d31f2e2,38,CURRENT,2026-02-18 18:42:45.083915+00,44,5,15,unranked,4,diamond,4,2025-10-16 22:19:28.423081+00,2026-02-18 18:42:45.422094+00,"{""1"":1,""7"":1,""10"":1,""11"":1,""13"":3,""15"":1,""18"":2,""19"":1,""21"":2,""22"":2,""25"":1,""29"":2,""30"":1,""35"":1,""45"":1,""51"":3,""54"":2,""59"":1,""60"":1,""63"":2,""64"":1,""67"":3,""68"":1,""79"":1,""80"":1,""84"":3,""89"":1,""90"":2,""96"":3,""99"":2,""104"":1,""105"":2,""110"":1,""112"":2,""113"":1,""114"":1,""115"":1,""121"":2,""127"":1,""131"":2,""133"":1,""134"":1,""145"":4,""147"":1,""157"":5,""161"":1,""202"":1,""234"":1,""240"":1,""266"":1,""350"":6,""360"":3,""412"":1,""498"":2,""555"":1,""875"":1,""887"":1,""950"":1}",0
75,2d926f04-c40a-404e-9772-bf458d31f2e2,44,BASELINE,2025-10-16 22:20:11.229978+00,0,3,0,UNRANKED,0,UNRANKED,0,2025-10-16 22:20:11.336965+00,2025-10-16 22:24:41.440135+00,"{""1"":1,""24"":1,""29"":2,""30"":1,""31"":1,""39"":2,""54"":1,""64"":1,""78"":1,""82"":1,""84"":3,""92"":1,""113"":1,""122"":1,""157"":2,""202"":1,""222"":1,""234"":6,""266"":1,""350"":1}",0
76,2d926f04-c40a-404e-9772-bf458d31f2e2,44,CURRENT,2026-02-18 18:42:03.567594+00,31,5,0,unranked,4,unranked,4,2025-10-16 22:20:12.695995+00,2026-02-18 18:42:03.867244+00,"{""1"":1,""24"":1,""29"":2,""30"":1,""31"":1,""39"":2,""54"":1,""64"":1,""78"":1,""82"":1,""84"":5,""92"":1,""112"":1,""113"":1,""122"":1,""145"":2,""157"":7,""202"":1,""222"":1,""234"":6,""266"":1,""350"":1}",0
77,2d926f04-c40a-404e-9772-bf458d31f2e2,35,BASELINE,2025-10-16 22:20:37.223464+00,83,3,0,GOLD,2,EMERALD,4,2025-10-16 22:20:37.327076+00,2025-10-16 22:25:32.486628+00,"{""1"":1,""3"":2,""4"":1,""7"":3,""8"":1,""9"":2,""11"":1,""13"":4,""14"":1,""15"":2,""16"":1,""18"":3,""19"":1,""20"":2,""21"":1,""24"":1,""25"":1,""26"":1,""27"":1,""29"":2,""32"":1,""34"":1,""35"":3,""36"":2,""37"":1,""38"":1,""39"":2,""40"":2,""41"":3,""45"":3,""51"":4,""54"":2,""55"":1,""56"":1,""57"":1,""58"":1,""59"":1,""60"":1,""61"":2,""62"":1,""63"":1,""64"":6,""67"":6,""68"":1,""74"":1,""78"":1,""79"":1,""80"":1,""81"":3,""82"":1,""84"":2,""89"":5,""90"":2,""91"":1,""92"":1,""99"":4,""101"":2,""103"":1,""104"":1,""106"":1,""107"":4,""110"":1,""111"":1,""114"":2,""115"":3,""119"":1,""121"":1,""122"":1,""131"":1,""133"":1,""136"":1,""143"":2,""145"":2,""147"":1,""157"":1,""161"":2,""166"":1,""200"":4,""202"":5,""222"":1,""235"":1,""236"":2,""238"":4,""245"":3,""246"":3,""266"":1,""267"":1,""268"":1,""350"":7,""412"":1,""427"":1,""429"":1,""497"":2,""498"":2,""526"":3,""555"":4,""887"":1,""902"":5}",0
78,2d926f04-c40a-404e-9772-bf458d31f2e2,35,CURRENT,2026-02-18 18:43:30.749296+00,83,5,15,unranked,2,emerald,3,2025-10-16 22:20:38.987132+00,2026-02-18 18:43:31.059502+00,"{""1"":1,""3"":2,""4"":1,""7"":3,""8"":1,""9"":2,""11"":1,""13"":4,""14"":1,""15"":2,""16"":1,""18"":3,""19"":1,""20"":2,""21"":1,""24"":1,""25"":1,""26"":1,""27"":1,""29"":2,""32"":1,""34"":1,""35"":3,""36"":2,""37"":1,""38"":1,""39"":2,""40"":2,""41"":3,""45"":3,""51"":4,""54"":2,""55"":1,""56"":1,""57"":1,""58"":1,""59"":1,""60"":1,""61"":2,""62"":1,""63"":1,""64"":6,""67"":6,""68"":1,""74"":1,""78"":1,""79"":1,""80"":1,""81"":3,""82"":1,""84"":2,""89"":5,""90"":2,""91"":1,""92"":1,""99"":4,""101"":2,""103"":1,""104"":1,""106"":1,""107"":4,""110"":1,""111"":1,""114"":2,""115"":3,""119"":1,""121"":1,""122"":1,""131"":1,""133"":1,""136"":1,""143"":2,""145"":2,""147"":1,""157"":1,""161"":2,""166"":1,""200"":4,""202"":5,""222"":1,""235"":1,""236"":2,""238"":4,""245"":3,""246"":3,""266"":1,""267"":1,""268"":1,""350"":7,""412"":1,""427"":1,""429"":1,""497"":2,""498"":2,""526"":3,""555"":4,""887"":1,""902"":5}",0
79,c446637c-3582-44fd-a26b-93eaadb027b4,43,BASELINE,2025-10-16 22:21:44.573744+00,1,3,0,UNRANKED,0,UNRANKED,0,2025-10-16 22:21:44.669407+00,2025-11-28 16:12:13.94347+00,"{""18"":1,""22"":3,""51"":2,""64"":2,""67"":2,""86"":2,""145"":3,""236"":1,""238"":1,""523"":2,""804"":2}",0
80,c446637c-3582-44fd-a26b-93eaadb027b4,43,CURRENT,2026-02-18 18:42:13.1685+00,33,4,0,unranked,3,unranked,4,2025-10-16 22:21:46.26177+00,2026-02-18 18:42:13.548123+00,"{""15"":1,""18"":2,""22"":3,""34"":2,""51"":4,""54"":2,""64"":2,""67"":4,""86"":2,""145"":3,""236"":2,""238"":1,""498"":2,""523"":5,""804"":2,""914"":3}",0
81,a098c50f-409f-4fc7-bb2c-c77b073e66cc,19,BASELINE,2025-10-17 04:36:43.027199+00,84,3,0,EMERALD,4,EMERALD,4,2025-10-17 04:36:43.134896+00,2025-10-17 04:36:43.134896+00,"{""1"":2,""2"":2,""4"":2,""10"":2,""12"":2,""13"":1,""15"":2,""16"":2,""17"":1,""18"":5,""19"":2,""21"":2,""22"":3,""23"":11,""24"":1,""25"":2,""28"":1,""29"":3,""30"":2,""31"":2,""32"":3,""34"":1,""36"":1,""37"":1,""39"":1,""40"":1,""42"":1,""43"":2,""45"":1,""48"":2,""51"":3,""53"":1,""54"":3,""55"":1,""57"":1,""59"":1,""61"":1,""64"":1,""67"":5,""76"":1,""78"":4,""79"":2,""81"":2,""83"":2,""86"":2,""89"":2,""90"":2,""91"":2,""92"":1,""98"":3,""99"":3,""102"":1,""103"":1,""105"":1,""106"":6,""107"":2,""111"":4,""115"":1,""117"":1,""119"":1,""120"":5,""126"":1,""131"":4,""133"":2,""141"":1,""147"":1,""154"":1,""157"":1,""201"":2,""202"":1,""222"":3,""234"":1,""235"":2,""236"":6,""238"":1,""240"":1,""245"":1,""266"":1,""267"":3,""268"":1,""350"":5,""360"":1,""412"":4,""427"":7,""432"":1,""516"":1,""517"":1,""777"":2,""897"":1}",0
82,a098c50f-409f-4fc7-bb2c-c77b073e66cc,19,CURRENT,2026-02-18 18:42:06.094222+00,85,5,0,unranked,4,unranked,1,2025-10-17 04:36:44.707883+00,2026-02-18 18:42:06.372508+00,"{""1"":2,""2"":2,""4"":2,""10"":2,""12"":2,""13"":1,""15"":2,""16"":2,""17"":1,""18"":5,""19"":2,""21"":2,""22"":3,""23"":11,""24"":1,""25"":2,""28"":1,""29"":3,""30"":2,""31"":2,""32"":3,""34"":1,""36"":1,""37"":1,""39"":1,""40"":1,""42"":1,""43"":2,""45"":1,""48"":2,""51"":3,""53"":1,""54"":3,""55"":1,""57"":1,""59"":1,""61"":1,""64"":1,""67"":5,""76"":1,""78"":4,""79"":2,""81"":2,""83"":2,""86"":2,""89"":2,""90"":2,""91"":2,""92"":1,""98"":3,""99"":3,""102"":1,""103"":1,""105"":1,""106"":6,""107"":2,""111"":4,""115"":1,""117"":1,""119"":1,""120"":5,""126"":1,""131"":4,""133"":2,""141"":1,""147"":1,""154"":1,""157"":1,""201"":2,""202"":1,""222"":3,""234"":1,""235"":2,""236"":6,""238"":1,""240"":1,""245"":1,""266"":1,""267"":3,""268"":1,""350"":5,""360"":1,""412"":4,""427"":7,""432"":1,""516"":1,""517"":1,""777"":2,""897"":1}",0
83,3f9f2d3a-b36c-447e-91e7-fd985cc209ed,17,BASELINE,2025-10-17 06:05:16.80823+00,47,3,0,GOLD,3,PLATINUM,3,2025-10-17 06:05:16.910806+00,2025-10-17 15:55:19.755117+00,"{""1"":2,""3"":1,""7"":4,""8"":1,""9"":1,""10"":1,""11"":1,""13"":1,""15"":2,""17"":1,""18"":1,""19"":1,""20"":1,""21"":4,""22"":4,""23"":1,""24"":2,""25"":1,""29"":1,""30"":1,""31"":3,""32"":3,""34"":1,""35"":2,""37"":1,""39"":3,""45"":2,""50"":1,""51"":2,""53"":1,""54"":1,""55"":1,""57"":1,""62"":1,""63"":2,""67"":4,""76"":1,""78"":1,""80"":2,""81"":1,""82"":1,""86"":1,""89"":3,""90"":2,""92"":1,""99"":2,""103"":2,""105"":1,""106"":2,""110"":2,""111"":1,""115"":1,""117"":5,""121"":1,""122"":2,""131"":2,""133"":1,""147"":1,""150"":1,""154"":1,""161"":1,""201"":1,""202"":1,""203"":1,""222"":1,""233"":2,""234"":2,""238"":1,""254"":1,""266"":1,""267"":1,""350"":1,""412"":4,""420"":1,""498"":1,""516"":2,""517"":3,""555"":1,""777"":1,""800"":1,""901"":1,""902"":1,""950"":1}",0
84,3f9f2d3a-b36c-447e-91e7-fd985cc209ed,17,CURRENT,2026-02-18 18:42:37.777672+00,47,4,0,unranked,3,unranked,3,2025-10-17 06:05:18.301554+00,2026-02-18 18:42:38.055314+00,"{""1"":2,""3"":1,""7"":4,""8"":1,""9"":1,""10"":1,""11"":1,""13"":1,""15"":2,""17"":1,""18"":1,""19"":1,""20"":1,""21"":4,""22"":4,""23"":1,""24"":2,""25"":1,""29"":1,""30"":1,""31"":3,""32"":3,""34"":1,""35"":2,""37"":1,""39"":3,""45"":2,""50"":1,""51"":2,""53"":1,""54"":1,""55"":1,""57"":1,""62"":1,""63"":2,""67"":4,""76"":1,""78"":1,""80"":2,""81"":1,""82"":1,""86"":1,""89"":3,""90"":2,""92"":1,""99"":2,""103"":2,""105"":1,""106"":2,""110"":2,""111"":1,""115"":1,""117"":5,""121"":1,""122"":2,""131"":2,""133"":1,""147"":1,""150"":1,""154"":1,""161"":1,""201"":1,""202"":1,""203"":1,""222"":1,""233"":2,""234"":2,""238"":1,""254"":1,""266"":1,""267"":1,""350"":1,""412"":4,""420"":1,""498"":1,""516"":2,""517"":3,""555"":1,""777"":1,""800"":1,""901"":1,""902"":1,""950"":1}",0
85,2b7efafc-3a83-48f8-8e0e-60b052ffcd98,12,BASELINE,2025-10-17 21:21:10.936591+00,85,3,0,GOLD,1,EMERALD,4,2025-10-17 21:21:11.050036+00,2025-10-17 21:21:11.050036+00,"{""1"":1,""2"":1,""4"":1,""8"":2,""10"":1,""11"":2,""12"":1,""14"":2,""15"":2,""16"":1,""17"":1,""19"":1,""21"":3,""22"":4,""24"":1,""25"":3,""26"":2,""29"":6,""31"":2,""32"":2,""34"":1,""35"":3,""39"":1,""45"":1,""51"":3,""55"":1,""57"":1,""58"":1,""62"":1,""64"":3,""67"":7,""72"":1,""75"":1,""76"":4,""78"":1,""80"":1,""81"":4,""82"":1,""86"":1,""89"":2,""92"":6,""96"":3,""98"":1,""99"":3,""102"":1,""103"":1,""106"":1,""107"":4,""112"":1,""113"":1,""114"":1,""119"":2,""121"":1,""122"":3,""126"":1,""131"":2,""134"":1,""141"":2,""142"":1,""143"":3,""145"":3,""161"":1,""164"":1,""200"":2,""222"":6,""234"":2,""235"":1,""238"":1,""245"":5,""254"":2,""266"":1,""268"":1,""350"":8,""360"":2,""412"":3,""429"":1,""518"":1,""555"":1,""711"":2,""777"":1,""799"":2,""875"":1,""950"":1}",0
86,2b7efafc-3a83-48f8-8e0e-60b052ffcd98,12,CURRENT,2026-02-18 18:42:02.613032+00,87,5,0,unranked,4,unranked,4,2025-10-17 21:21:12.487822+00,2026-02-18 18:42:02.926672+00,"{""1"":1,""2"":1,""4"":1,""8"":2,""10"":1,""11"":2,""12"":1,""14"":2,""15"":2,""16"":1,""17"":1,""19"":1,""21"":3,""22"":4,""24"":1,""25"":3,""26"":2,""29"":6,""31"":2,""32"":2,""34"":1,""35"":3,""39"":1,""45"":2,""51"":3,""55"":1,""57"":1,""58"":1,""62"":1,""64"":3,""67"":7,""72"":1,""75"":1,""76"":4,""78"":1,""80"":1,""81"":4,""82"":1,""86"":1,""89"":2,""92"":6,""96"":3,""98"":1,""99"":3,""102"":1,""103"":1,""106"":1,""107"":4,""112"":1,""113"":1,""114"":1,""119"":2,""121"":1,""122"":3,""126"":1,""131"":2,""134"":1,""141"":2,""142"":1,""143"":3,""145"":3,""161"":1,""164"":1,""200"":2,""222"":6,""223"":4,""234"":2,""235"":3,""238"":1,""245"":5,""254"":2,""266"":1,""268"":1,""350"":9,""360"":2,""412"":3,""429"":1,""518"":1,""555"":1,""711"":2,""777"":1,""799"":2,""875"":1,""950"":1}",0
87,d7895f20-abd6-4552-a559-63ba2626b88f,30,BASELINE,2025-10-19 20:00:23.734661+00,53,4,0,PLATINUM,3,PLATINUM,3,2025-10-19 20:00:23.851698+00,2025-10-19 20:00:23.851698+00,"{""1"":1,""4"":2,""5"":3,""6"":1,""7"":1,""8"":1,""13"":2,""15"":1,""16"":1,""18"":1,""20"":2,""21"":4,""22"":2,""25"":1,""28"":1,""29"":4,""30"":1,""31"":1,""32"":1,""36"":2,""37"":1,""38"":1,""39"":1,""40"":2,""42"":1,""43"":1,""45"":1,""51"":2,""54"":2,""55"":1,""56"":1,""57"":1,""59"":1,""61"":2,""62"":1,""63"":1,""64"":6,""67"":3,""74"":1,""76"":1,""81"":4,""82"":1,""84"":3,""89"":3,""96"":3,""99"":3,""103"":1,""104"":1,""107"":4,""110"":2,""111"":1,""119"":1,""131"":3,""133"":1,""134"":1,""150"":1,""154"":2,""157"":1,""202"":1,""222"":2,""234"":1,""236"":2,""245"":2,""350"":6,""412"":2,""497"":1,""518"":1,""711"":1}",0
88,d7895f20-abd6-4552-a559-63ba2626b88f,30,CURRENT,2026-02-18 18:43:19.863332+00,55,5,15,unranked,3,unranked,2,2025-10-19 20:00:25.514867+00,2026-02-18 18:43:20.152082+00,"{""1"":1,""4"":2,""5"":3,""6"":1,""7"":1,""8"":1,""13"":2,""15"":1,""16"":1,""18"":1,""20"":2,""21"":4,""22"":2,""25"":1,""28"":1,""29"":4,""30"":1,""31"":1,""32"":1,""36"":2,""37"":1,""38"":1,""39"":1,""40"":2,""42"":1,""43"":1,""45"":1,""51"":2,""54"":2,""55"":1,""56"":1,""57"":1,""59"":1,""61"":2,""62"":1,""63"":1,""64"":6,""67"":3,""74"":1,""76"":1,""81"":4,""82"":1,""84"":3,""89"":3,""96"":3,""99"":3,""103"":1,""104"":1,""107"":4,""110"":2,""111"":1,""119"":1,""131"":3,""133"":1,""134"":1,""150"":1,""154"":2,""157"":1,""202"":1,""222"":2,""234"":1,""236"":2,""245"":2,""350"":7,""412"":2,""497"":1,""518"":1,""711"":1}",0
89,3d874267-f665-4c55-9f5d-9c06eea06a75,31,BASELINE,2025-10-22 02:28:14.942957+00,36,3,0,GOLD,2,GOLD,1,2025-10-22 02:28:15.031009+00,2025-10-22 02:28:15.031009+00,"{""1"":1,""4"":1,""7"":1,""9"":1,""15"":2,""18"":3,""21"":2,""23"":8,""25"":1,""29"":2,""30"":1,""31"":2,""32"":3,""36"":1,""43"":1,""51"":2,""59"":1,""61"":2,""62"":1,""63"":2,""64"":3,""78"":1,""80"":1,""81"":1,""82"":1,""84"":1,""86"":1,""89"":3,""96"":3,""99"":1,""103"":2,""110"":1,""111"":1,""113"":1,""115"":1,""121"":1,""122"":1,""131"":1,""145"":2,""150"":1,""161"":2,""222"":1,""223"":2,""234"":1,""245"":2,""246"":1,""350"":2,""412"":3,""497"":1,""498"":1,""711"":1,""893"":1}",0
90,3d874267-f665-4c55-9f5d-9c06eea06a75,31,CURRENT,2026-02-18 18:42:21.265447+00,37,3,0,unranked,1,unranked,4,2025-10-22 02:28:16.34402+00,2026-02-18 18:42:21.637253+00,"{""1"":1,""4"":1,""7"":1,""9"":1,""15"":2,""18"":3,""21"":2,""22"":2,""23"":8,""25"":1,""29"":2,""30"":1,""31"":2,""32"":3,""36"":1,""43"":1,""51"":2,""59"":1,""61"":2,""62"":1,""63"":2,""64"":3,""78"":1,""80"":1,""81"":2,""82"":1,""84"":1,""86"":1,""89"":3,""96"":3,""99"":1,""103"":2,""110"":1,""111"":1,""113"":1,""115"":1,""121"":1,""122"":1,""131"":1,""145"":4,""150"":1,""161"":2,""222"":1,""223"":2,""234"":1,""245"":2,""246"":1,""350"":2,""412"":3,""497"":1,""498"":1,""711"":1,""893"":1,""901"":4}",0
91,a098c50f-409f-4fc7-bb2c-c77b073e66cc,13,BASELINE,2025-10-22 04:45:51.790008+00,41,4,1,GOLD,2,GOLD,3,2025-10-22 04:45:51.872774+00,2025-10-22 04:45:51.872774+00,"{""3"":1,""4"":1,""8"":1,""10"":1,""13"":1,""15"":1,""18"":2,""20"":1,""21"":2,""22"":1,""24"":1,""26"":1,""30"":1,""32"":1,""40"":1,""50"":1,""51"":2,""54"":2,""55"":1,""63"":1,""64"":1,""67"":4,""74"":1,""75"":1,""80"":1,""81"":1,""82"":1,""84"":3,""85"":2,""96"":4,""99"":2,""103"":1,""105"":1,""106"":1,""110"":1,""111"":1,""119"":1,""127"":1,""131"":2,""145"":4,""150"":1,""154"":1,""164"":1,""222"":2,""238"":2,""245"":1,""350"":8,""412"":2,""429"":1,""497"":1,""498"":1,""516"":1,""555"":1,""804"":1}",0
92,a098c50f-409f-4fc7-bb2c-c77b073e66cc,13,CURRENT,2026-02-18 18:41:49.419191+00,42,5,0,unranked,2,unranked,3,2025-10-22 04:45:53.25961+00,2026-02-18 18:41:49.686222+00,"{""3"":1,""4"":1,""8"":1,""10"":1,""13"":1,""15"":1,""18"":2,""20"":1,""21"":2,""22"":1,""24"":1,""26"":1,""30"":1,""32"":1,""40"":1,""50"":1,""51"":2,""54"":2,""55"":1,""63"":1,""64"":1,""67"":4,""74"":1,""75"":1,""80"":1,""81"":1,""82"":1,""84"":3,""85"":2,""96"":4,""99"":2,""103"":1,""105"":1,""106"":1,""110"":1,""111"":1,""119"":1,""127"":1,""131"":2,""145"":4,""150"":1,""154"":1,""164"":1,""222"":2,""238"":2,""245"":1,""350"":8,""412"":2,""429"":1,""497"":1,""498"":1,""516"":1,""555"":1,""804"":1}",0
96,e55f6073-25c5-4c73-a220-4b6327f7ba5e,41,BASELINE,2025-10-25 17:26:00.961195+00,30,5,1,UNRANKED,0,SILVER,3,2025-10-25 17:26:01.344439+00,2025-10-25 17:26:01.344439+00,"{""1"":1,""4"":1,""7"":1,""8"":2,""12"":1,""26"":1,""29"":2,""43"":1,""56"":1,""78"":1,""81"":1,""99"":1,""103"":1,""110"":1,""111"":1,""112"":1,""143"":4,""201"":1,""234"":1,""245"":3,""254"":1,""432"":7,""497"":3,""498"":1,""555"":1,""804"":1,""875"":1,""901"":1,""902"":4}",0
97,e55f6073-25c5-4c73-a220-4b6327f7ba5e,41,CURRENT,2026-02-18 18:42:30.893354+00,30,5,0,UNRANKED,0,unranked,3,2025-10-25 17:26:02.796712+00,2026-02-18 18:42:31.544602+00,"{""1"":1,""4"":1,""7"":1,""8"":2,""12"":1,""26"":1,""29"":2,""32"":3,""43"":1,""56"":1,""78"":1,""81"":1,""99"":1,""103"":1,""110"":1,""111"":1,""112"":1,""143"":4,""201"":1,""233"":3,""234"":1,""245"":3,""254"":1,""427"":2,""432"":7,""497"":3,""498"":1,""555"":1,""804"":1,""875"":1,""901"":1,""902"":4}",0
98,2d926f04-c40a-404e-9772-bf458d31f2e2,26,BASELINE,2025-10-25 21:43:02.89372+00,34,5,0,GOLD,3,PLATINUM,2,2025-10-25 21:43:02.991802+00,2025-10-25 21:43:02.991802+00,"{""1"":1,""3"":1,""8"":1,""9"":1,""13"":1,""18"":2,""19"":3,""21"":2,""22"":2,""23"":1,""24"":3,""29"":3,""31"":2,""36"":1,""45"":1,""51"":2,""54"":2,""55"":1,""59"":1,""63"":2,""64"":3,""67"":2,""81"":2,""82"":1,""84"":5,""89"":1,""90"":2,""96"":1,""99"":2,""103"":1,""104"":1,""110"":1,""119"":1,""121"":1,""131"":4,""134"":1,""145"":2,""147"":1,""154"":1,""157"":3,""201"":2,""202"":1,""222"":3,""238"":1,""267"":1,""350"":1,""412"":2,""799"":3,""875"":1,""901"":1}",0
99,2d926f04-c40a-404e-9772-bf458d31f2e2,26,CURRENT,2026-02-18 18:42:42.630536+00,38,5,0,unranked,3,unranked,2,2025-10-25 21:43:04.65136+00,2026-02-18 18:42:43.065433+00,"{""1"":1,""3"":1,""8"":1,""9"":1,""13"":1,""18"":2,""19"":3,""21"":2,""22"":2,""23"":1,""24"":3,""29"":3,""31"":2,""36"":1,""45"":1,""51"":2,""54"":2,""55"":1,""59"":1,""63"":2,""64"":3,""67"":2,""81"":2,""82"":1,""84"":6,""89"":1,""90"":2,""96"":1,""99"":2,""103"":1,""104"":1,""110"":1,""119"":1,""121"":1,""131"":4,""134"":1,""145"":2,""147"":1,""154"":1,""157"":3,""201"":2,""202"":1,""222"":3,""238"":1,""267"":1,""350"":1,""412"":2,""799"":3,""875"":1,""901"":1}",0
100,d7895f20-abd6-4552-a559-63ba2626b88f,37,BASELINE,2025-11-01 00:30:48.013484+00,94,3,0,PLATINUM,4,GOLD,1,2025-11-01 00:30:48.109712+00,2025-11-01 00:31:26.015181+00,"{""1"":1,""2"":1,""4"":2,""7"":5,""8"":1,""11"":2,""12"":1,""15"":1,""18"":1,""21"":1,""22"":1,""23"":6,""24"":1,""29"":4,""30"":1,""31"":1,""32"":1,""33"":1,""34"":2,""36"":1,""38"":2,""39"":1,""40"":2,""41"":2,""43"":2,""53"":1,""54"":3,""55"":1,""57"":1,""58"":1,""59"":2,""62"":2,""63"":2,""64"":2,""68"":1,""75"":1,""76"":1,""77"":3,""81"":1,""82"":6,""84"":2,""85"":1,""86"":2,""89"":2,""91"":1,""92"":2,""96"":4,""98"":1,""99"":3,""101"":2,""103"":1,""105"":7,""106"":3,""107"":3,""110"":1,""111"":1,""114"":1,""117"":1,""122"":6,""131"":2,""133"":1,""134"":1,""142"":1,""145"":1,""147"":2,""150"":2,""164"":1,""202"":1,""203"":2,""222"":3,""235"":1,""236"":2,""245"":1,""266"":1,""350"":11,""360"":1,""412"":1,""421"":1,""498"":1,""555"":1,""777"":2,""888"":2,""897"":1}",0
101,d7895f20-abd6-4552-a559-63ba2626b88f,37,CURRENT,2026-02-18 18:43:08.555801+00,94,5,0,unranked,4,unranked,1,2025-11-01 00:30:49.523577+00,2026-02-18 18:43:08.879197+00,"{""1"":1,""2"":1,""4"":2,""7"":5,""8"":1,""11"":2,""12"":1,""15"":1,""18"":1,""21"":1,""22"":1,""23"":6,""24"":1,""29"":4,""30"":1,""31"":1,""32"":1,""33"":1,""34"":2,""36"":1,""38"":2,""39"":1,""40"":2,""41"":2,""43"":2,""53"":1,""54"":3,""55"":1,""57"":1,""58"":1,""59"":2,""62"":2,""63"":2,""64"":2,""68"":1,""75"":1,""76"":1,""77"":3,""81"":1,""82"":6,""84"":2,""85"":1,""86"":2,""89"":2,""91"":1,""92"":2,""96"":4,""98"":1,""99"":3,""101"":2,""103"":1,""105"":7,""106"":3,""107"":3,""110"":1,""111"":1,""114"":1,""117"":1,""122"":6,""131"":2,""133"":1,""134"":1,""142"":1,""145"":1,""147"":2,""150"":2,""164"":1,""202"":1,""203"":2,""222"":3,""235"":1,""236"":2,""245"":1,""266"":1,""350"":11,""360"":1,""412"":1,""421"":1,""498"":1,""555"":1,""777"":2,""888"":2,""897"":1}",0
102,f3254e34-8239-4641-b404-d679548ded03,39,BASELINE,2025-11-01 04:28:47.897069+00,40,3,0,GOLD,3,PLATINUM,4,2025-11-01 04:28:47.995996+00,2025-11-01 04:28:47.995996+00,"{""1"":1,""7"":1,""9"":2,""16"":1,""19"":1,""21"":2,""23"":5,""25"":1,""35"":1,""37"":1,""39"":1,""40"":2,""43"":1,""45"":1,""51"":1,""54"":2,""59"":1,""64"":1,""67"":1,""76"":1,""79"":3,""80"":1,""81"":1,""89"":1,""99"":1,""102"":1,""104"":1,""107"":5,""110"":1,""111"":1,""147"":2,""236"":3,""267"":2,""350"":6,""518"":1,""523"":1,""875"":1}",0
103,f3254e34-8239-4641-b404-d679548ded03,39,CURRENT,2026-02-18 18:43:28.454858+00,40,5,15,unranked,3,diamond,4,2025-11-01 04:28:49.475374+00,2026-02-18 18:43:28.746737+00,"{""1"":1,""7"":1,""9"":2,""16"":1,""19"":1,""21"":2,""23"":5,""25"":1,""35"":1,""37"":1,""39"":1,""40"":2,""43"":1,""45"":1,""51"":1,""54"":2,""55"":3,""59"":1,""64"":1,""67"":1,""76"":1,""79"":3,""80"":1,""81"":1,""89"":1,""99"":1,""102"":1,""104"":1,""107"":5,""110"":1,""111"":1,""131"":3,""147"":2,""157"":3,""236"":3,""267"":2,""350"":6,""518"":1,""523"":1,""875"":1}",0
104,d7895f20-abd6-4552-a559-63ba2626b88f,3,BASELINE,2025-11-02 03:17:30.349388+00,90,4,5,GOLD,4,EMERALD,3,2025-11-02 03:17:30.460845+00,2025-11-02 03:17:30.460845+00,"{""1"":4,""2"":2,""5"":1,""6"":3,""7"":1,""8"":3,""9"":1,""10"":1,""11"":3,""13"":3,""15"":1,""18"":4,""19"":3,""20"":1,""21"":1,""22"":2,""23"":3,""24"":2,""25"":2,""29"":3,""30"":2,""31"":1,""33"":1,""37"":3,""38"":2,""39"":1,""40"":4,""41"":2,""43"":2,""45"":1,""50"":1,""51"":2,""53"":3,""54"":2,""55"":3,""56"":2,""58"":4,""59"":1,""60"":1,""62"":1,""63"":1,""64"":4,""67"":7,""75"":1,""76"":1,""80"":1,""81"":3,""82"":2,""84"":4,""89"":3,""91"":2,""92"":2,""98"":1,""101"":1,""102"":1,""104"":3,""106"":1,""107"":1,""110"":1,""111"":1,""114"":3,""117"":1,""119"":2,""120"":1,""121"":1,""122"":2,""131"":1,""134"":1,""145"":1,""147"":1,""157"":4,""202"":1,""222"":5,""223"":1,""235"":1,""236"":2,""238"":2,""245"":1,""350"":7,""412"":7,""427"":1,""432"":1,""517"":1,""518"":3,""777"":1,""799"":1,""875"":2,""888"":2}",0
105,d7895f20-abd6-4552-a559-63ba2626b88f,3,CURRENT,2026-02-18 18:41:56.711348+00,90,5,5,unranked,4,platinum,1,2025-11-02 03:17:31.92814+00,2026-02-18 18:41:57.022752+00,"{""1"":4,""2"":2,""5"":1,""6"":3,""7"":1,""8"":3,""9"":1,""10"":1,""11"":3,""13"":3,""15"":1,""18"":4,""19"":3,""20"":1,""21"":1,""22"":2,""23"":3,""24"":2,""25"":2,""29"":3,""30"":2,""31"":1,""33"":1,""37"":3,""38"":2,""39"":1,""40"":4,""41"":2,""43"":2,""45"":1,""50"":1,""51"":2,""53"":3,""54"":2,""55"":4,""56"":2,""58"":4,""59"":1,""60"":1,""62"":1,""63"":1,""64"":4,""67"":7,""75"":1,""76"":1,""80"":1,""81"":3,""82"":2,""84"":4,""89"":3,""91"":2,""92"":2,""98"":1,""101"":1,""102"":1,""104"":3,""106"":1,""107"":1,""110"":1,""111"":1,""114"":3,""117"":1,""119"":2,""120"":1,""121"":1,""122"":2,""131"":1,""134"":1,""145"":1,""147"":1,""157"":4,""202"":1,""222"":5,""223"":1,""235"":1,""236"":2,""238"":2,""245"":1,""350"":8,""412"":7,""427"":1,""432"":1,""517"":1,""518"":3,""526"":4,""777"":1,""799"":1,""875"":2,""888"":2}",0
108,2d926f04-c40a-404e-9772-bf458d31f2e2,2,BASELINE,2025-11-11 20:56:46.813293+00,98,4,0,PLATINUM,4,PLATINUM,4,2025-11-11 20:56:46.914946+00,2025-11-11 20:56:46.914946+00,"{""1"":2,""2"":2,""3"":1,""5"":2,""10"":1,""11"":3,""12"":2,""13"":2,""14"":2,""15"":1,""18"":7,""19"":2,""20"":2,""21"":3,""22"":2,""23"":3,""24"":8,""25"":2,""27"":2,""28"":1,""29"":1,""30"":1,""32"":2,""34"":1,""35"":1,""36"":2,""40"":1,""41"":6,""45"":1,""53"":2,""54"":5,""55"":1,""57"":1,""58"":1,""59"":2,""63"":1,""64"":1,""67"":6,""74"":3,""75"":3,""78"":2,""80"":2,""81"":3,""82"":4,""84"":4,""86"":5,""89"":1,""90"":4,""91"":2,""92"":2,""99"":1,""103"":1,""104"":1,""106"":1,""107"":4,""110"":1,""111"":1,""113"":1,""114"":2,""117"":1,""119"":5,""122"":5,""127"":2,""134"":1,""145"":4,""150"":1,""157"":3,""222"":2,""234"":2,""235"":1,""236"":1,""238"":1,""254"":2,""266"":1,""350"":6,""412"":2,""420"":1,""516"":1,""523"":1,""555"":1,""804"":1,""897"":1,""950"":1}",0
109,2d926f04-c40a-404e-9772-bf458d31f2e2,2,CURRENT,2026-02-18 18:42:28.092798+00,98,4,0,unranked,3,unranked,3,2025-11-11 20:56:48.715743+00,2026-02-18 18:42:28.426576+00,"{""1"":2,""2"":2,""3"":1,""5"":2,""10"":1,""11"":3,""12"":2,""13"":2,""14"":2,""15"":1,""18"":7,""19"":2,""20"":2,""21"":3,""22"":2,""23"":3,""24"":8,""25"":2,""27"":2,""28"":1,""29"":1,""30"":1,""32"":2,""34"":1,""35"":1,""36"":2,""40"":1,""41"":6,""45"":1,""53"":2,""54"":5,""55"":1,""57"":1,""58"":1,""59"":2,""63"":1,""64"":1,""67"":6,""74"":3,""75"":3,""78"":2,""80"":2,""81"":3,""82"":4,""84"":4,""86"":5,""89"":1,""90"":4,""91"":2,""92"":2,""99"":1,""103"":1,""104"":1,""106"":1,""107"":4,""110"":1,""111"":1,""113"":1,""114"":2,""117"":1,""119"":5,""122"":5,""127"":2,""134"":1,""145"":6,""150"":1,""157"":4,""222"":2,""234"":2,""235"":1,""236"":1,""238"":1,""254"":2,""266"":1,""350"":6,""412"":2,""420"":1,""516"":1,""523"":1,""555"":1,""804"":1,""897"":1,""950"":1}",0
110,f3254e34-8239-4641-b404-d679548ded03,34,BASELINE,2025-11-11 21:56:38.033322+00,30,5,2,UNRANKED,0,UNRANKED,0,2025-11-11 21:56:38.142002+00,2025-11-11 21:56:38.142002+00,"{""11"":1,""13"":2,""15"":1,""18"":1,""19"":2,""21"":3,""22"":1,""23"":1,""24"":2,""26"":1,""29"":6,""33"":1,""34"":1,""37"":1,""39"":2,""40"":1,""51"":1,""54"":1,""67"":3,""81"":2,""89"":3,""96"":1,""104"":1,""111"":1,""114"":1,""119"":1,""121"":3,""122"":1,""131"":2,""133"":1,""145"":2,""147"":1,""201"":1,""222"":2,""234"":2,""235"":1,""245"":1,""350"":2,""412"":2,""498"":2,""523"":1,""555"":1,""804"":1,""876"":1}",2
111,f3254e34-8239-4641-b404-d679548ded03,34,CURRENT,2026-02-18 18:43:21.979732+00,30,5,15,silver,3,emerald,4,2025-11-11 21:56:39.778798+00,2026-02-18 18:43:22.264031+00,"{""11"":1,""13"":2,""15"":1,""18"":1,""19"":2,""21"":3,""22"":1,""23"":1,""24"":2,""26"":1,""29"":6,""33"":1,""34"":1,""37"":1,""39"":2,""40"":1,""51"":1,""54"":1,""67"":3,""81"":2,""89"":3,""96"":1,""104"":1,""111"":1,""114"":1,""119"":1,""121"":3,""122"":1,""131"":2,""133"":1,""145"":2,""147"":1,""201"":1,""222"":2,""234"":2,""235"":1,""245"":1,""350"":2,""412"":2,""498"":2,""523"":1,""555"":1,""804"":1,""876"":1}",0
112,51f4d626-c81c-4446-9c7f-4b410b8a5cbb,51,BASELINE,2025-11-19 05:18:14.367221+00,30,5,0,UNRANKED,0,UNRANKED,0,2025-11-19 05:18:14.481504+00,2025-11-19 05:18:14.481504+00,"{""19"":2,""21"":3,""22"":1,""29"":4,""32"":2,""51"":1,""53"":1,""60"":2,""61"":1,""67"":1,""78"":1,""80"":1,""96"":2,""110"":1,""134"":1,""203"":1,""222"":3,""223"":2,""236"":1,""350"":2,""360"":1,""497"":1,""526"":4,""876"":1,""893"":1}",12
113,51f4d626-c81c-4446-9c7f-4b410b8a5cbb,51,CURRENT,2026-02-18 18:42:40.212263+00,32,5,15,unranked,4,platinum,4,2025-11-19 05:18:15.987727+00,2026-02-18 18:42:40.587095+00,"{""19"":2,""21"":3,""22"":1,""29"":4,""32"":2,""51"":1,""53"":1,""60"":2,""61"":1,""67"":1,""78"":1,""80"":1,""96"":2,""110"":1,""134"":1,""203"":1,""222"":3,""223"":2,""236"":1,""350"":2,""360"":1,""497"":1,""526"":4,""876"":1,""893"":1}",0
114,2d926f04-c40a-404e-9772-bf458d31f2e2,49,BASELINE,2025-11-21 19:35:36.332859+00,30,5,0,UNRANKED,0,UNRANKED,0,2025-11-21 19:35:36.425726+00,2025-11-21 19:35:36.425726+00,"{""9"":1,""16"":1,""19"":1,""21"":4,""29"":1,""32"":2,""80"":1,""89"":1,""134"":1,""221"":1,""222"":2,""267"":1,""350"":2,""360"":1,""412"":1,""429"":4,""711"":1}",6
115,2d926f04-c40a-404e-9772-bf458d31f2e2,49,CURRENT,2026-02-18 18:42:15.767612+00,30,5,0,unranked,2,UNRANKED,0,2025-11-21 19:35:38.006514+00,2026-02-18 18:42:16.136674+00,"{""3"":1,""9"":1,""16"":1,""19"":1,""21"":4,""29"":1,""32"":2,""54"":2,""80"":2,""84"":1,""89"":1,""134"":1,""145"":3,""157"":4,""221"":1,""222"":2,""267"":1,""350"":2,""360"":1,""412"":1,""429"":4,""711"":1}",0
116,c446637c-3582-44fd-a26b-93eaadb027b4,52,BASELINE,2025-11-29 00:03:27.520408+00,1,3,0,UNRANKED,0,UNRANKED,0,2025-11-29 00:03:27.645362+00,2025-11-29 00:03:27.645362+00,{},0
117,c446637c-3582-44fd-a26b-93eaadb027b4,52,CURRENT,2026-02-18 18:42:25.862862+00,30,5,0,UNRANKED,0,UNRANKED,0,2025-11-29 00:03:29.244882+00,2026-02-18 18:42:26.177583+00,{},0
118,51f4d626-c81c-4446-9c7f-4b410b8a5cbb,55,BASELINE,2025-12-13 20:50:17.086895+00,8,3,0,UNRANKED,0,UNRANKED,0,2025-12-13 20:50:17.188408+00,2025-12-13 20:50:17.188408+00,{},0
119,51f4d626-c81c-4446-9c7f-4b410b8a5cbb,55,CURRENT,2026-02-18 18:42:10.879961+00,14,3,0,UNRANKED,0,UNRANKED,0,2025-12-13 20:50:18.591724+00,2026-02-18 18:42:11.177861+00,{},0
122,3d874267-f665-4c55-9f5d-9c06eea06a75,29,BASELINE,2025-12-14 00:12:49.639171+00,51,5,12,PLATINUM,2,PLATINUM,3,2025-12-14 00:12:49.727267+00,2025-12-14 00:12:49.727267+00,"{""4"":1,""5"":1,""7"":3,""8"":1,""9"":2,""10"":1,""13"":2,""15"":1,""16"":1,""18"":1,""19"":2,""20"":1,""21"":4,""22"":1,""24"":1,""25"":1,""26"":1,""27"":1,""29"":3,""31"":1,""32"":1,""33"":2,""35"":1,""37"":1,""39"":2,""41"":1,""45"":2,""50"":2,""51"":3,""54"":1,""55"":1,""59"":1,""62"":1,""63"":2,""64"":4,""67"":3,""72"":1,""75"":1,""76"":2,""77"":3,""78"":1,""80"":1,""81"":1,""82"":1,""84"":1,""86"":1,""89"":3,""92"":1,""99"":3,""103"":1,""107"":1,""111"":1,""113"":1,""115"":2,""117"":1,""119"":1,""121"":2,""122"":2,""131"":1,""134"":3,""143"":1,""145"":2,""157"":1,""200"":4,""201"":1,""202"":4,""222"":3,""223"":1,""234"":3,""236"":1,""238"":2,""245"":3,""266"":1,""350"":4,""412"":3,""498"":1,""516"":1,""526"":1,""555"":1,""875"":2,""897"":1,""950"":1}",0
123,3d874267-f665-4c55-9f5d-9c06eea06a75,29,CURRENT,2026-02-18 18:41:51.52289+00,51,5,0,unranked,2,unranked,3,2025-12-14 00:12:51.153756+00,2026-02-18 18:41:52.049374+00,"{""4"":1,""5"":1,""7"":3,""8"":1,""9"":2,""10"":1,""13"":2,""15"":1,""16"":1,""18"":1,""19"":2,""20"":1,""21"":4,""22"":1,""24"":1,""25"":1,""26"":1,""27"":1,""29"":3,""31"":1,""32"":1,""33"":2,""35"":1,""37"":1,""39"":2,""41"":1,""45"":2,""50"":2,""51"":3,""54"":1,""55"":1,""59"":1,""62"":1,""63"":2,""64"":4,""67"":3,""72"":1,""75"":1,""76"":2,""77"":3,""78"":1,""80"":1,""81"":1,""82"":1,""84"":1,""86"":1,""89"":3,""92"":1,""99"":3,""103"":1,""107"":1,""111"":1,""113"":1,""115"":2,""117"":1,""119"":1,""121"":2,""122"":2,""131"":1,""134"":3,""143"":1,""145"":2,""157"":1,""200"":4,""201"":1,""202"":4,""222"":3,""223"":1,""234"":3,""236"":1,""238"":2,""245"":3,""266"":1,""350"":4,""412"":3,""498"":1,""516"":1,""526"":1,""555"":1,""875"":2,""897"":1,""950"":1}",0
124,71b26dfe-f225-49fb-b852-89b1c62fd894,50,BASELINE,2025-12-14 03:34:58.841788+00,3,3,0,UNRANKED,0,UNRANKED,0,2025-12-14 03:34:58.93846+00,2025-12-14 03:34:58.93846+00,{},0
125,71b26dfe-f225-49fb-b852-89b1c62fd894,50,CURRENT,2026-02-18 18:41:56.006608+00,16,4,0,UNRANKED,0,UNRANKED,0,2025-12-14 03:35:00.361917+00,2026-02-18 18:41:56.294091+00,"{""82"":2}",0
126,d9795c74-0656-41af-a563-330e5581c2dd,53,BASELINE,2025-12-20 02:57:29.41995+00,30,5,0,UNRANKED,0,UNRANKED,0,2025-12-20 02:57:29.547676+00,2025-12-20 02:57:29.547676+00,"{""21"":6,""29"":2,""117"":1,""222"":2,""235"":1,""360"":2,""498"":2}",12
127,d9795c74-0656-41af-a563-330e5581c2dd,53,CURRENT,2026-02-18 18:42:00.36257+00,33,5,0,unranked,4,unranked,4,2025-12-20 02:57:31.053943+00,2026-02-18 18:42:00.643146+00,"{""12"":1,""19"":2,""21"":7,""22"":1,""25"":1,""29"":3,""54"":1,""86"":3,""99"":1,""106"":5,""117"":2,""222"":2,""235"":1,""236"":1,""360"":2,""412"":1,""498"":2,""517"":1,""518"":1}",0
128,b28c318f-d58f-44ff-a5f0-cf19b2fe580e,48,BASELINE,2025-12-21 23:09:17.797243+00,30,5,13,gold,4,UNRANKED,0,2025-12-21 23:09:17.887999+00,2025-12-21 23:09:17.887999+00,"{""19"":1,""22"":2,""32"":2,""60"":1,""80"":1,""98"":2,""111"":1,""117"":2,""223"":3,""427"":1,""432"":1,""526"":2}",1
129,b28c318f-d58f-44ff-a5f0-cf19b2fe580e,48,CURRENT,2026-02-18 18:41:53.828856+00,34,4,6,gold,3,gold,1,2025-12-21 23:09:19.281695+00,2026-02-18 18:41:54.132676+00,"{""19"":1,""22"":2,""32"":2,""60"":1,""80"":1,""98"":2,""111"":1,""117"":2,""223"":3,""427"":1,""432"":1,""526"":2}",0